id,a1,a2,a3,a3_o7,a4_1,a4_2,a4_3,a5_1,a5_2,a6,a6_o6,a7,a7_o7,a8,a8_o7,a9,a9_o7,a10,a11_1,a11_2,b12,b13_1,b13_2,b13_3,b14,b15_1,b15_2,b15_3,b15_4,b15_5,b15_6,b15_7,b15_8,b15_9,b15_10,b15_11,b15_o11,b15_12,b15_o12,b16_1,b16_2,b16_3,b16_4,b16_5,b16_6,b16_7,b16_8,b16_o8,b17,b18,b19,b20_1,b20_2,b20_3,b20_4,b20_5,b20_6,b20_7,b20_8,b20_9,b20_10,b20_11,b20_12,b20_13,b20_14,b20_o14,b21,b22,b23,b24,b25_1,b25_2,b25_3,b25_4,b25_5,b25_6,b25_7,b25_8,b25_o8,b26,b26_o1,c27,c28_1,c28_2,c28_3,c28_4,c28_5,c28_6,c28_7,c28_8,c28_9,c28_o9,c29,c30,c31,c32,c33_1,c33_2,c33_3,c33_4,c34,c35_1,c35_2,c35_3,c35_4,z1,z2,z3,z4,z5,z6,z6_o5,z7,z8,z9
24052113001,0,2004,6,996,輔仁大學,藝術,音樂系,996,996,996,996,4,996,5,996,3,996,40,新北,新莊,5,1,996,1.5,0,0,0,3,2,0,1,0,0,0,0,0,,0,,0,0,2,0,0,1,0,0,,1,0,3,0,0,0,0,0,0,0,0,1,0,0,0,0,0,,3,3,2,2,0,0,0,0,0,1,0,0,,0,,2,1,0,1,0,0,0,1,1,0,,2,3,3,1,3,4,4,3,3,4,3,3,4,黃綺瑀,1,2024/05/21,18,49,5,A右,,17,
24052113002,0,1991,1,996,朝陽科技大學,設計,建築系,文創,負責人,1,996,4,996,2,996,2,996,30,台北,南港,5,1,996,999,0,3,0,0,0,0,1,2,0,0,0,0,,0,,0,0,0,0,0,1,0,0,,0,0,3,0,0,0,0,0,0,0,0,0,0,0,0,0,0,,3,3,4,3,0,0,0,0,0,1,0,0,,0,,2,1,1,1,0,0,0,1,1,0,,2,3,3,1,3,3,4,3,2,4,3,4,4,黃綺瑀,2,2024/05/21,18,57,5,A2,,17,
24052113003,0,2009,6,996,瑞坪,996,996,996,996,996,996,1,996,2,996,2,996,60,桃園,楊梅,4,1,996,999,0,0,0,3,0,0,2,1,0,0,0,0,,0,,0,0,0,0,0,1,0,0,,0,1,1,0,0,0,0,0,0,0,0,1,0,0,0,1,0,,3,3,2,1,1,0,0,0,0,1,0,0,,0,,2,0,0,1,0,0,0,1,0,0,,2,4,4,1,3,4,4,4,2,2,1,4,4,黃綺瑀,3,2024/05/21,19,8,5,A右2,,17,
24052113005,1,2007,6,996,師大附中,996,996,996,996,996,996,2,996,3,996,4,996,25,台北,大安,2,1,996,999,0,0,0,3,2,0,1,0,0,0,0,0,,0,,0,0,0,0,0,1,0,0,,1,0,2,0,0,0,0,0,0,0,0,1,0,0,0,0,1,冤獄、消防員權益,3,3,3,2,1,1,0,0,0,1,1,0,,1,青民協,1,0,0,0,0,0,1,1,1,0,,2,4,4,1,3,3,4,3,2,1,4,5,5,黃綺瑀,5,2024/05/21,19,17,5,A右2,,17,
24052113006,1,2000,1,996,大同大學,設計,工業設計系,UI/UX設計師,設計師,3,996,4,996,4,996,4,996,30,台北,大同,6,1,996,999,0,0,0,2,0,0,3,0,0,0,0,0,,1,X(twitter),0,0,0,0,0,1,0,0,,0,0,3,0,0,0,0,0,0,0,0,0,0,0,0,0,0,,3,3,1,2,0,1,0,0,0,1,0,0,,0,,3,0,0,1,0,0,0,1,0,0,,3,4,4,1,3,3,4,4,2,4,5,5,3,黃綺瑀,6,2024/05/21,19,27,5,A右大帳篷,,17,
24052113007,1,2007,6,996,北一女,996,996,996,996,996,996,2,996,4,996,3,996,30,台北,萬華,3,1,996,999,0,0,0,3,2,0,1,0,0,0,0,0,,0,,1,0,0,0,0,0,0,0,,0,0,3,0,0,0,0,0,0,0,0,0,0,0,0,0,0,,3,3,4,3,0,0,0,0,0,0,1,0,,0,,2,0,0,0,0,0,0,1,0,0,,1,3,2,1,3,2,3,2,2,2,3,3,2,黃綺瑀,7,2024/05/21,19,36,5,A右2,,17,
24052113008,0,1994,1,996,屏科大,農,水產養殖系,動物園,保育員,2,996,4,996,7,未知,2,996,35,新北,蘆洲,3,1,996,999,0,0,0,0,3,0,0,1,0,0,0,0,,2,X(twitter),0,0,0,0,0,1,0,0,,1,0,1,1,0,0,0,0,0,0,0,0,0,0,0,0,1,割闌尾,3,3,4,2,0,0,0,0,0,1,1,0,,1,職業工會,1,1,0,1,0,1,0,0,0,0,,2,3,3,1,3,3,3,3,2,2,3,3,4,黃綺瑀,8,2024/05/21,19,49,5,A右,,17,
24052113009,0,1949,3,996,華盛頓大學,理,化學所,大學,教授,2,996,6,996,7,公學校(日治),7,公學校(日治),20,台北,中正,4,1,996,999,0,0,0,0,0,0,0,0,0,0,1,0,,0,,0,0,0,0,0,1,0,0,,1,0,1,1,1,1,0,0,0,0,0,0,0,1,0,0,1,台灣勞工陣線,1,3,5,4,0,0,0,0,0,0,0,0,,1,台灣勞工陣線、民進黨,1,1,0,1,0,1,1,1,1,0,,2,4,4,1,4,4,4,3,2,2,2,5,5,黃綺瑀,9,2024/05/21,20,6,5,A2右帳篷,,17,
24052113010,1,1996,1,996,東南科大,設計,室內設計系,999,999,6,999,4,996,2,996,2,996,60,新北,蘆洲,2,1,996,999,0,0,0,1,3,0,0,2,0,0,0,0,,0,,0,0,0,0,0,1,0,0,,0,0,1,0,0,0,0,0,0,0,0,1,0,0,0,0,1,反送中,3,3,2,1,0,0,0,0,0,1,0,0,,0,,2,1,0,1,0,0,0,0,0,0,,4,4,3,1,3,3,4,4,2,3,3,4,4,黃綺瑀,10,2024/05/21,20,16,5,A2右,,17,
24052113011,0,1960,1,996,中山醫學大學,999,999,藝術,導演,3,996,3,996,3,996,7,無,40,新北,淡水,3,1,996,999,0,0,0,0,1,0,0,0,0,0,0,0,,2,youtube,0,1,0,1,0,1,0,0,,0,0,3,1,1,1,0,0,0,0,0,0,0,0,0,0,0,野百合、反媒體壟斷,1,1,5,4,0,0,0,0,0,0,0,0,,0,,2,1,1,1,0,1,0,0,0,0,,2,4,4,1,4,4,4,4,3,3,3,3,3,黃綺瑀,11,2024/05/21,20,28,5,A2右,,17,
24052113012,0,1997,1,996,台藝大,表演藝術,戲劇系,劇場,演員,4,996,4,996,2,996,1,996,40,新北,永和,7,1,996,999,0,0,0,0,0,0,2,1,0,0,0,0,,0,,0,0,0,0,0,1,0,0,,1,0,1,0,0,0,0,0,0,0,0,1,0,0,0,0,0,,3,3,4,3,1,1,0,0,0,0,0,0,,0,,2,0,0,1,0,1,0,0,0,0,,2,4,3,1,3,4,3,3,3,2,3,5,4,黃綺瑀,12,2024/05/21,20,37,5,A2右,,17,
24052110001,0,1999,1,996,北科大,999,建築系,建築,999,3,996,4,996,4,996,4,996,180,宜蘭,宜蘭,999,1,0,1,0,3,0,0,2,0,0,1,0,0,0,0,,0,,0,0,0,0,0,0,1,0,,0,0,1,0,0,0,0,0,0,0,0,1,0,0,0,1,0,,1,1,4,3,0,0,0,0,0,0,0,0,,0,,1,1,0,1,0,1,0,0,0,0,,2,3,3,1,3,3,3,3,2,2,3,4,3,張仁瑋,1,2024/05/21,18,40,2,,,17,
24052110002,1,1991,1,996,台科大,999,999,999,999,1,996,5,996,7,不知道,7,不知道,60,新北,汐止,5,0,0,0,0,0,0,3,0,0,2,1,0,0,0,0,,0,,0,0,0,0,0,1,0,0,,1,0,3,1,0,0,0,0,0,0,0,0,0,0,0,0,0,,1,3,3,2,0,0,0,0,0,0,0,0,,0,,1,0,0,1,0,1,0,0,0,0,,2,4,3,1,3,4,4,4,2,2,2,4,3,張仁瑋,2,2024/05/21,19,0,2,,,17,
24052110003,0,1982,1,996,明志科大,電機,電機,資訊,工程師,1,996,4,996,1,996,1,996,25,新北,汐止,3,0,0,0,0,0,0,3,0,0,0,2,0,0,1,0,,0,,0,0,0,0,0,1,0,0,,1,0,5,1,0,0,0,0,0,0,0,0,1,0,0,0,0,,1,3,3,3,0,0,0,0,0,0,0,0,,0,,2,1,1,1,0,0,0,0,0,0,,3,4,2,1,3,4,4,3,2,5,3,4,5,張仁瑋,3,2024/05/21,19,11,2,,,17,
24052110004,1,1974,1,996,名古屋大學,996,歷史所,商,總經理,3,996,5,996,4,996,4,996,60,新竹,香山,2.5,0,0,0,0,3,0,0,4,0,0,2,0,0,0,0,,0,,0,0,0,0,0,1,0,0,,1,0,3,0,0,0,0,0,0,0,0,0,0,0,0,0,0,,3,3,3,2,1,0,0,0,1,0,0,0,,0,,1,0,0,1,0,0,0,0,1,0,,2,3,3,1,3,3,3,3,2,2,3,3,3,張仁瑋,4,2024/05/21,19,20,2,,,17,
24052110005,0,1999,1,996,999,999,美術所,影視,攝影,3,996,5,996,3,996,2,996,45,新北,土城,3,1,0,3,0,0,0,2,3,0,1,0,0,0,0,0,,0,,0,1,0,0,0,0,0,0,,0,0,3,1,0,0,0,0,0,0,0,0,0,0,0,0,0,,3,3,4,3,0,0,0,0,0,0,0,0,,0,,2,1,0,1,0,1,0,1,0,0,,2,3,3,1,3,3,3,3,1,4,2,4,3,張仁瑋,5,2024/05/21,19,30,2,,,17,
24052110006,1,2009,6,996,民族國中,996,996,996,996,996,996,1,996,5,996,5,996,20,台北,萬華,5,0,0,3,0,0,0,3,0,0,1,2,0,0,0,0,,0,,1,0,1,0,1,1,0,0,,1,1,3,0,0,0,0,0,0,0,0,0,0,0,0,1,1,消防員組工會,3,3,4,4,0,0,0,0,0,0,1,0,,1,學生權益,1,0,0,1,0,0,0,0,1,0,,2,3,3,1,3,3,4,2,1,4,3,4,4,張仁瑋,6,2024/05/21,19,38,2,,,17,
24052110007,0,2004,6,996,亞洲大學,999,醫技,996,996,996,996,2,996,6,996,6,996,35,新北,蘆洲,3,0,0,3.5,0,0,0,0,2,0,1,3,0,0,0,0,,0,,0,0,1,0,0,0,0,0,,0,1,3,0,0,0,0,0,0,0,0,0,0,0,0,1,0,,3,3,3,5,0,0,0,0,0,0,0,0,,0,,2,0,0,1,0,0,0,0,0,0,,3,4,4,3,3,4,3,3,3,2,3,5,5,張仁瑋,7,2024/05/21,21,4,2,,,17,
24052110008,1,2001,6,996,世新,傳播,廣電系,996,996,996,996,4,996,2,996,2,996,30,台北,中正,5.5,0,0,2,0,0,0,1,0,0,2,3,0,0,0,0,,0,,0,0,1,0,0,1,0,0,,1,1,3,0,0,0,0,0,0,0,0,0,0,0,0,0,0,,3,3,5,3,1,1,0,0,0,1,0,0,,0,,3,0,0,1,0,0,0,1,0,0,,2,3,2,1,3,3,3,4,3,4,2,4,4,張仁瑋,8,2024/05/21,21,24,2,,,17,
24052110009,0,2008,6,996,大安高工,996,資訊科,996,996,996,996,1,996,4,996,2,996,90,新北,樹林,6,1,0,5,0,0,0,0,0,0,1,2,3,0,0,0,,0,,1,0,0,0,0,0,0,0,,1,1,3,0,0,0,0,0,0,0,0,0,0,0,0,0,0,,3,3,2,2,0,1,0,0,0,0,1,0,,0,,1,1,0,1,0,0,0,1,1,0,,3,3,4,1,3,4,4,4,2,4,4,5,4,張仁瑋,9,2024/05/21,21,24,2,,,17,
24052110010,1,1992,1,996,中正大學,996,統計所,999,軟體工程師,3,996,5,996,2,996,1,996,60,宜蘭,頭城,4,0,0,3.5,0,3,0,0,0,0,0,2,0,0,0,1,youtube,0,,0,0,0,0,0,1,0,0,,1,1,3,1,0,1,0,0,0,0,0,1,0,0,0,0,0,,1,3,2,2,1,0,0,0,1,0,0,0,,0,,1,1,0,1,,1,,0,0,0,,3,3,3,1,3,3,3,2,2,2,2,4,4,張仁瑋,10,2024/05/21,21,30,2,,,17,
24052110011,0,1995,1,996,世新,財金,財金所,999,軟體工程師,3,996,4,996,4,996,3,996,35,台北,文山,9,0,0,6.5,0,0,0,2,1,0,0,0,0,0,0,0,,0,,0,0,0,0,0,0,1,0,,1,1,5,0,0,0,0,0,0,0,0,0,0,0,0,0,0,,3,3,3,3,0,0,0,0,1,1,0,0,,1,forward alliance,2,0,0,1,0,0,0,0,0,0,,3,3,3,1,3,4,3,3,1,2,3,5,4,張仁瑋,11,2024/05/21,21,41,2,,,17,
24052110014,0,2001,6,996,世新,傳播,999,自由接案,攝影,1,996,4,996,2,996,2,996,20,新北,新店,5,1,0,6,0,0,0,2,3,0,1,0,0,0,0,0,,0,,0,0,0,0,0,1,0,0,,1,1,3,0,0,0,0,0,0,0,0,0,0,0,0,0,0,,3,3,4,3,1,0,0,0,0,0,1,0,,1,政黨,2,1,0,1,0,0,1,1,1,0,,2,4,3,1,4,4,4,4,2,1,1,4,5,張仁瑋,14,2024/05/21,22,58,1,,,17,
24052110015,1,2000,6,996,實踐,設計,建築,996,996,996,996,5,996,4,996,5,996,35,台北,中山,4,1,0,3,0,0,0,0,0,0,1,0,0,0,3,2,plurk,0,,0,0,0,0,0,1,0,0,,0,0,3,0,0,0,0,0,0,0,0,0,0,0,0,0,0,,3,3,4,3,0,0,0,0,0,0,1,0,,0,,1,1,0,1,0,0,0,1,0,0,,2,4,3,1,3,3,3,3,2,4,3,5,3,張仁瑋,15,2024/05/21,23,7,1,,,17,
24052110016,0,1984,4,996,黎明技術學院,996,機械工程系,996,996,996,996,3,996,1,996,1,996,18,新北,板橋,11,1,0,999,0,0,0,0,1,0,1,1,0,0,0,0,,0,,0,0,0,0,0,1,0,0,,0,1,3,1,0,0,0,0,0,0,0,0,0,0,0,0,0,,1,1,4,5,0,0,0,0,1,0,0,0,,0,,3,1,1,1,1,1,0,1,0,0,,3,4,4,1,3,3,3,4,2,4,3,4,3,張仁瑋,16,2024/05/21,23,20,1,,,17,
24052109001,1,1990,1,,玄奘,999,日文,服務,專員,3,,4,,1,,2,,15,台北,中山,6,1,0,10,0,0,0,0,2,0,0,1,0,0,3,0,,0,,0,0,0,0,0,1,0,0,,1,0,3,1,0,0,0,0,0,0,0,1,0,0,0,0,0,,1,3,4,2,1,0,0,0,0,0,0,0,,0,,1,1,0,1,0,1,0,1,1,0,,2,4,4,1,3,3,3,3,2,3,4,5,5,高敏薰,1,2024/05/21,23,8,1,,,7,
24052109002,0,2002,6,,東吳,外語,英文,996,996,996,,4,,3,,2,,40,臺北,士林,6,999,999,999,0,0,0,0,0,0,2,1,0,0,3,0,,0,,0,0,0,0,0,1,0,0,,1,0,3,0,0,0,0,0,0,0,0,0,0,0,0,0,1,重機上國道,3,3,2,2,1,1,0,0,1,0,0,0,,1,政黨工讀生,2,1,0,1,0,0,0,1,0,0,,4,4,3,1,2,3,3,3,3,3,2,4,5,高敏薰,2,2024/05/21,23,18,1,,,7,
24052102001,0,1982,2,,999,999,999,科技業,工程師,3,,2,,4,,4,,30,台北,松山,6,0,0,0,0,0,0,0,1,0,0,0,0,0,1,0,,0,,0,0,0,0,0,0,1,0,,1,1,3,1,1,1,0,0,0,0,1,1,1,0,0,0,0,,1,1,1,1,0,0,0,0,0,0,0,0,,0,,2,1,1,1,0,0,0,0,1,0,,3,3,3,1,3,3,3,3,3,4,4,2,2,李俊穎,1,2024/05/21,18,40,5,教會,,7,
24052102002,1,2000,1,,東海,999,社會,NGO,專員,6,公會,4,,2,,2,,90,基隆,仁愛,6,1,0,0,0,0,0,0,1,0,1,1,0,0,0,0,,0,,0,0,1,0,0,1,0,0,,1,1,3,0,0,1,0,0,0,1,0,1,0,0,0,0,0,,3,3,3,3,0,0,0,1,0,0,1,0,,0,,2,1,0,1,0,0,1,0,0,0,,3,4,3,1,4,3,3,3,2,2,4,4,4,李俊穎,2,2024/05/21,18,47,5,教會,,7,
24052102003,1,1978,3,,999,999,999,自媒體,創辦人,1,,4,,3,,2,,30,新北,999,無預計,1,0,3,0,0,0,1,0,0,0,1,0,0,0,1,plurk,0,,0,0,0,0,0,1,0,0,,1,0,3,1,0,1,0,0,0,1,0,1,1,1,0,0,0,,1,1,4,4,0,0,0,0,0,0,0,0,,0,,1,0,0,1,0,1,0,0,1,0,,3,3,3,1,3,4,4,3,2,4,4,4,3,李俊穎,3,2024/05/21,18,57,5,教會,,7,
24052102004,0,2003,6,,成大,文,台文,酒吧,bartender,3,,4,,3,,2,,300,台南,東,12,1,0,4,0,1,0,0,1,0,1,1,0,0,0,0,,0,,1,0,0,0,1,1,0,0,,1,1,2,0,1,1,0,0,0,0,0,1,0,0,0,0,0,,3,3,3,3,0,1,0,1,0,0,1,0,,1,DPP,1,1,0,1,0,0,1,1,1,0,,3,4,4,1,4,4,4,4,1,3,5,5,4,李俊穎,4,2024/05/21,20,13,5,教會,,7,
24052102005,1,2003,6,,輔仁,理工,999,996,996,996,,4,,5,,4,,15~20,台北,中正,2,1,0,2,0,0,0,0,0,0,0,1,0,0,0,1,X(推特),0,,0,0,0,1,0,1,0,0,,1,0,1,1,0,1,0,0,0,0,0,0,0,0,0,0,0,,3,3,1,1,0,0,0,0,0,0,1,0,,0,,3,1,1,1,0,0,0,0,0,0,,4,3,3,1,3,3,3,3,1,2,4,5,5,李俊穎,5,2024/05/21,20,27,5,教會,,7,
24052102006,1,1967,1,,999,999,999,餐飲服務,老闆,1,,4,,3,,1,,30,新北,蘆洲,無上限,0,0,2.66667,0,2,0,0,0,0,0,0,0,0,1,0,,0,,0,0,0,0,0,0,0,1,朋友告知,0,1,1,0,0,0,0,0,0,0,0,0,0,0,0,0,0,,3,3,4,999,0,0,0,0,0,0,0,0,,0,,3,1,0,0,0,0,0,0,0,0,,3,4,4,1,4,4,4,2,2,1,1,5,5,李俊穎,6,2024/05/21,20,40,5,教會,,7,
24052122001,1,1988,1,,遠東科技,工商管理,999,旅館,吧檯組長,3,,4,,1,,1,,90,嘉義,西,15,1,1,15,0,1,0,0,0,0,0,1,0,0,0,0,,0,,0,1,0,0,0,1,0,0,,1,1,3,1,0,0,0,0,0,0,0,0,0,0,0,0,0,,1,1,2,2,0,1,0,0,0,0,0,0,,0,,2,1,0,1,0,0,0,0,0,0,,3,3,3,1,3,3,3,2,2,4,2,4,4,丁祈,1,2024/05/21,19,20,1,,1,7,
24052122002,1,1990,1,,999,999,999,服務業,課長,3,,4,,999,,999,,30,台北,信義,3,999,999,999,0,0,0,0,0,0,0,1,0,0,0,0,,0,,0,0,0,0,0,1,0,0,,1,0,5,0,0,0,0,0,0,0,0,0,0,0,0,0,0,,3,3,3,3,1,0,0,0,0,0,0,0,,999,,2,1,0,0,0,0,0,0,0,0,,2,4,4,1,2,3,3,4,2,4,4,4,4,丁祈,2,2024/05/21,19,31,1,,2,7,
24052122003,1,1968,1,,台大,管理,財金,行銷,協理,3,,4,,1,,1,,20,台北,松山,3,1,999,999,0,0,0,0,1,0,0,0,0,0,0,0,,0,,1,0,0,0,0,0,0,0,,1,1,3,0,0,0,0,0,0,0,0,0,0,0,0,0,1,牽手護台灣，反併吞,3,3,3,2,0,0,0,0,1,0,0,0,,0,,3,0,0,0,0,0,0,0,0,1,同溫層,1,4,3,1,3,3,4,4,999,4,5,4,4,丁祈,3,2024/05/21,19,35,1,,3,7,
24052122004,0,1996,1,,中原,商,財金,服務業,一般員工,1,,5,,2,,2,,30,新北,中和,1,0,0,999,0,1,0,0,0,0,1,1,0,0,0,0,,0,,0,0,0,0,0,1,0,0,,0,1,2,1,0,0,0,0,0,0,0,0,0,0,0,0,0,,3,3,2,2,1,0,0,0,0,0,0,0,,0,,2,1,0,0,0,0,0,0,0,0,,3,2,3,2,3,2,2,3,2,3,4,3,3,丁祈,4,2024/05/21,19,40,1,,4,7,
24052122005,0,1978,1,,淡江,999,資工,科技製造,資深經理,3,,5,,1,,2,,30,台北,999,2,999,999,1,0,0,0,0,0,0,0,0,0,0,0,1,Twitter / X,0,,0,0,0,0,0,1,0,0,,1,0,3,1,0,1,0,0,0,0,0,0,0,0,0,0,1,反反分裂法，洪仲秋,1,3,3,1,1,0,0,0,0,0,0,0,,0,,2,1,1,1,0,1,0,1,0,0,,4,4,4,1,3,3,3,3,2,4,4,5,4,丁祈,5,2024/05/21,19,45,1,,5,7,
24052122006,1,2003,6,,政治大學,法,法律,996,996,996,,4,,3,,2,,50,台北,文山,1.5,2,0,2.5,0,0,0,0,1,0,1,0,0,0,0,0,,0,,0,0,1,0,1,1,0,0,,1,0,1,0,0,0,0,0,0,0,0,0,0,0,0,0,0,,3,3,4,3,0,0,0,0,0,0,1,0,,0,,1,1,0,0,0,0,0,1,1,0,,3,3,2,1,3,3,4,3,3,3,3,4,3,丁祈,6,2024/05/21,20,0,1,,6,7,
24052122007,0,1990,1,,崑山,資工,999,工程師,MIS,3,,4,,4,,4,,60,台北,內湖,4,1,0,1,1,3,0,0,1,0,0,0,0,0,2,0,,0,,0,0,0,0,0,0,1,0,,0,1,3,0,0,0,0,0,0,0,0,1,0,0,0,0,0,,3,3,2,2,1,0,0,0,0,0,0,0,,0,,1,1,0,1,0,0,0,0,0,0,,2,4,4,1,3,3,3,2,2,3,2,4,3,丁祈,7,2024/05/21,19,56,1,,7,7,
24052122008,1,1988,1,,大葉,999,視傳,設計,999,3,,4,,3,,3,,30,台北,中正,4,0,0,4,0,0,0,0,1,0,0,1,0,0,0,0,,0,,0,0,0,0,0,1,0,0,,1,0,3,1,0,1,0,0,0,0,0,1,0,0,0,0,0,,1,3,3,3,0,0,0,0,0,1,0,0,,0,,2,1,0,0,0,0,0,0,0,0,,3,4,3,1,4,4,4,4,2,4,3,4,4,丁祈,8,2024/05/21,20,5,999,,8,7,
24052122009,1,1988,1,,淡江,外語,999,商,999,3,,4,,2,,1,,30,新北,永和,5,999,999,5,0,0,0,0,0,0,0,1,0,0,0,0,,0,,0,0,0,0,0,1,0,0,,0,1,3,1,0,0,0,0,0,0,0,0,0,0,0,0,0,,1,3,2,2,0,0,0,0,0,0,1,0,,0,,1,1,0,0,0,0,0,0,0,0,,3,3,4,1,3,3,3,3,2,3,4,5,4,丁祈,9,2024/05/21,20,10,999,,女,7,
24052122010,0,2002,6,,大同,工程,999,996,996,996,,4,,3,,3,,40,999,999,2,1,0,0,0,0,0,1,0,0,1,1,0,0,0,0,,0,,0,0,0,0,0,1,0,0,,1,1,3,0,0,0,0,0,0,0,0,0,0,0,0,1,0,,3,3,3,3,1,0,0,0,0,0,1,0,,0,,1,1,0,1,0,0,0,0,0,0,,3,3,2,1,3,3,3,4,2,4,5,5,5,丁祈,10,2024/05/21,20,15,1,,10,7,"19題多選2, 3"
24052122011,1,1985,1,,政大,999,999,出版,999,3,,4,,5,,4,,20,新北,999,1,999,999,999,0,1,0,1,1,0,0,1,0,0,0,0,,0,,0,0,0,0,0,1,0,0,,1,1,2,1,0,0,0,0,0,0,0,0,0,0,0,0,0,,1,3,4,3,0,0,0,0,0,1,0,0,,0,,2,1,0,1,0,0,0,0,0,0,,2,4,4,1,4,4,4,4,2,2,2,4,4,丁祈,11,2024/05/21,20,21,1,,11,7,
24052122012,0,1994,1,,政大,外語,999,學校助理,999,2,,4,,3,,3,,60,台北,999,3,0,0,1,0,0,0,0,0,0,0,1,0,0,0,0,,0,,1,0,0,0,0,1,0,0,,1,0,3,1,0,1,0,0,0,0,0,1,0,0,0,0,0,,1,3,3,3,1,0,0,0,0,0,1,0,,0,,2,1,0,1,0,0,1,1,1,0,,3,3,3,1,3,3,3,3,2,3,3,4,4,丁祈,12,2024/05/21,20,27,1,,12,7,
24052122013,1,1990,1,,世新,傳播,數媒,資訊服務業,股東,1,,4,,1,,1,,0,台北,中正,5,2,0,10,0,0,0,0,3,0,1,2,0,0,0,0,,0,,0,0,0,0,0,1,0,0,,1,0,3,1,0,1,1,0,0,0,0,1,0,0,0,0,0,,1,1,3,2,1,0,0,0,0,0,0,0,,0,,1,1,0,1,0,1,0,1,0,0,,2,3,3,1,3,3,3,3,2,2,3,4,4,丁祈,13,2024/05/21,20,30,1,,女 13,7,
24052121001,1,1984,1,,輔大,999,心理,演藝,經紀人,1,,4,,3,,4,,20,台北,中山,8,1,999,999,0,0,0,0,0,0,1,1,0,0,0,0,,0,,0,0,0,0,0,1,0,0,,1,1,3,1,0,0,0,0,0,0,0,1,0,0,0,0,0,,1,1,4,4,1,0,0,0,0,1,0,0,,0,,2,1,0,1,0,0,0,0,1,0,,2,4,4,3,3,4,4,4,3,5,4,4,3,朱芳儀,1,2024/05/21,18,48,5,濟南教會,2,7,
24052121002,0,1993,1,,嘉義大學,999,動科,地勤,運務員(長榮航空),3,,4,,4,,4,,60,桃園,蘆竹,6,1,999,999,0,0,0,1,1,0,1,0,0,0,0,0,,0,,0,0,0,0,0,0,1,0,,1,1,3,1,0,1,0,0,0,0,0,0,0,0,0,0,0,,1,3,3,2,1,1,1,0,0,0,0,0,,0,,1,1,0,1,0,0,0,0,0,0,,2,1,1,1,4,4,4,4,999,5,5,5,5,朱芳儀,2,2024/05/21,18,40,5,教會,1,7,
24052121003,1,2004,6,,世新,傳播,999,996,996,996,,4,,4,,4,,20,新北,三重,9,1,999,999,0,0,0,0,0,0,0,1,0,0,0,0,,0,,0,0,0,0,0,1,0,0,,1,0,3,1,0,0,0,0,0,0,0,0,0,0,0,0,0,,3,3,3,3,0,0,0,1,0,0,0,0,,0,,2,0,1,1,0,0,0,0,1,0,,3,3,3,1,3,3,3,3,2,3,3,4,4,朱芳儀,3,2024/05/21,18,58,5,教會,3,7,
24052121004,1,1975,1,,999,999,999,商,999,3,,4,,3,,3,,20,台北,松山,3,2,0,999,0,1,0,0,0,0,0,0,0,0,1,1,X,0,,0,0,1,0,0,1,0,0,,0,0,1,0,0,0,0,0,0,0,0,0,0,0,0,0,0,,3,3,3,2,1,1,0,0,0,0,0,0,,0,,2,1,0,0,0,0,1,1,0,0,,2,4,4,1,4,4,4,4,1,5,5,5,5,朱芳儀,4,2024/05/21,20,27,5,濟南教會,,7,
24052121005,0,1991,1,,東吳大學,法,法律,殯葬業,法務,3,,4,,1,,1,,30,新北,中和,3~4,1,0,0.5,0,0,0,0,1,0,1,0,0,0,0,1,Youtube,0,,0,0,1,0,0,0,0,0,,0,0,3,1,1,1,0,0,0,0,0,0,0,1,0,0,0,,1,3,4,2,0,0,0,0,0,0,0,0,,0,,2,0,0,1,0,0,0,0,0,0,,2,3,3,1,4,3,4,3,2,3,3,4,3,朱芳儀,5,2024/05/21,20,34,5,教會,4,7,
24052121006,0,2002,6,,世新,廣播,999,996,996,996,,4,,3,,3,,30,新北,新店,4,1,0,1,0,0,0,3,4,0,1,2,0,0,0,0,,0,,0,0,0,0,0,0,1,0,,1,0,1,0,0,0,0,0,0,0,0,0,0,0,0,0,0,,3,3,3,1,1,1,0,0,0,1,1,0,,0,,2,0,0,1,0,0,0,0,0,0,,3,3,3,1,3,3,4,4,2,2,4,5,5,朱芳儀,6,2024/05/21,20,37,5,教會,6,7,
24052116001,0,1993,1,,文化,商,國貿,服務業,業務,3,,4,,2,,2,,20,新北,中和,3,0,0,2,0,2,0,1,3,0,0,0,0,0,0,0,,0,,0,0,1,0,0,0,0,0,,0,0,3,1,0,0,0,0,0,0,0,0,0,0,0,0,0,,1,1,2,2,1,1,0,0,0,0,0,0,,0,,2,1,1,1,0,1,0,1,0,0,,3,3,3,1,3,3,3,3,3,2,2,4,4,潘雅鈺,1,2024/05/21,21,21,2,,,7,
24052116002,1,1994,1,,輔仁,文,中文,出版,PM,3,,4,,2,,2,,20,台北,中山,2.5,0,0,2.5,0,0,0,0,0,0,0,1,0,0,0,2,Twitter,0,,0,0,1,0,0,0,0,0,,1,0,3,1,0,0,0,0,0,0,0,0,0,0,0,0,0,,1,2,3,3,0,1,0,0,0,0,0,0,,0,,2,0,0,1,0,1,0,1,0,0,,2,4,4,1,3,4,3,3,2,4,3,3,3,潘雅鈺,2,2024/05/21,21,27,2,,,7,
24052116003,0,2003,6,,東吳,人文社會,政治,996,996,996,,4,,5,,2,,15,台北,大同,2~3,0,0,2,0,1,0,2,3,0,0,0,0,0,0,0,,0,,1,0,0,0,0,0,0,0,,1,0,3,0,0,0,0,0,0,0,0,0,0,0,0,0,1,罷免韓國瑜,3,3,4,4,1,0,0,0,0,0,0,0,,1,999,1,1,0,1,0,0,0,1,0,0,,3,4,3,1,3,3,3,4,1,3,2,4,4,潘雅鈺,3,2024/05/21,21,35,2,,,7,
24052105002,0,1989,1,,中華大學,999,國企,電商,倉管,3,,4,,2,,2,,20,台北,大同,2,1,0,999,0,3,0,2,1,0,0,0,0,0,0,0,,0,,0,0,0,0,0,1,0,0,,0,0,3,1,1,1,0,0,0,0,0,1,0,0,0,1,0,,1,1,1,1,0,0,0,0,0,1,0,0,,0,,1,0,1,1,0,0,0,0,0,0,,2,4,4,1,3,3,4,4,3,3,3,4,5,林清緯,2,2024/05/21,19,31,2,,,7,
24052105003,0,2005,6,,北醫,999,呼吸治療,996,996,996,,4,,4,,4,,25,新北,板橋,3,1,0,1,0,3,0,1,0,0,0,2,0,0,0,0,,0,,1,0,0,0,0,0,0,0,,1,0,3,0,0,0,0,0,0,0,0,0,0,0,0,0,0,,3,3,3,4,0,0,0,0,0,1,0,0,,0,,1,1,1,1,0,0,1,1,0,0,,3,4,3,1,4,3,4,3,2,3,2,5,5,林清緯,3,2024/05/21,19,40,4,,,7,
24052105004,0,1995,1,,高應,電資,999,資訊,工程師,3,,4,,4,,2,,20,新北,三重,2,0,0,0,0,0,0,0,0,0,0,0,0,0,1,0,,0,,0,0,0,0,0,1,1,0,,0,0,1,0,0,0,0,0,0,0,0,0,0,0,0,0,0,,3,3,3,2,0,0,0,0,0,0,1,0,,0,,2,0,0,1,0,0,0,0,1,0,,2,3,3,1,3,3,3,3,2,3,3,2,4,林清緯,4,2024/05/21,19,47,4,,,7,
24052105006,1,1981,1,,999,999,999,999,999,3,,4,,3,,2,,30,新北,板橋,4,1,999,999,0,3,0,1,2,0,0,0,0,0,0,0,,0,,0,0,0,0,0,0,1,0,,1,1,3,1,0,1,0,0,0,0,0,0,0,0,0,0,0,,1,2,5,3,0,1,0,0,0,0,0,0,,0,,3,0,0,1,0,1,0,0,0,0,,2,4,4,1,3,3,3,3,3,4,3,4,4,林清緯,6,2024/05/21,20,0,4,,,7,
24052105007,1,1977,4,,世新,管理,環境規劃,999,家管,6,999,4,,4,,2,,30,台北,信義,7,1,999,999,0,0,0,1,0,0,0,1,0,0,1,0,,0,,0,0,0,0,0,0,1,0,,1,1,3,1,0,0,0,0,0,0,0,0,0,0,0,0,0,,3,3,2,2,0,1,0,0,0,0,0,0,,0,,2,1,1,1,0,0,0,0,0,0,,3,3,3,1,3,3,3,3,3,2,3,5,4,林清緯,7,2024/05/21,20,10,4,,,7,
24052105008,0,2008,6,,中正國中,,,996,996,996,,1,,3,,2,,90,基隆,信義,4,0,0,0,0,3,0,0,0,0,0,1,0,0,0,2,Twitter,0,,0,0,0,0,0,1,0,0,,1,1,3,1,0,0,0,0,0,0,0,0,0,0,0,0,0,,1,3,3,2,0,0,0,0,1,1,0,0,,0,,1,1,0,1,0,0,0,1,0,0,,2,4,3,1,4,4,4,4,2,4,2,5,5,林清緯,8,2024/05/21,20,15,4,,,7,
24052105009,0,1981,1,,999,999,999,自由業,999,1,,2,,2,,1,,10,台北市,中正區,10,0,0,5,0,1,0,1,1,0,0,0,0,0,0,0,,0,,0,0,0,0,1,0,0,0,,999,1,3,1,0,0,0,0,0,0,0,0,0,0,0,0,0,,2,3,4,999,0,0,0,0,0,0,0,0,,0,,1,1,0,0,0,0,0,0,0,0,,1,1,1,1,1,1,1,1,999,2,2,2,2,林清緯,9,2024/05/21,20,24,4,,drunk 亂填,7,卷面標示亂填
24052119001,1,1991,1,,北大,999,統計,金融,副理,3,,5,,3,,2,,40,新北,板橋,10,2,0,999,0,0,0,0,0,0,0,1,0,0,1,0,,0,,0,0,0,0,0,1,1,0,,1,1,3,1,1,0,0,0,0,0,0,1,0,0,0,0,0,,1,1,3,3,1,0,0,0,0,0,0,0,,0,,1,1,1,1,0,1,0,0,1,0,,2,4,4,1,3,3,4,4,2,3,3,4,4,羅琪玟,1,2024/05/21,19,31,2,,,7,
24052119002,0,1995,1,,明志科技,管設,工設,999,品牌設計,3,,5,,1,,2,,40,新北,新莊,5,3,0,10,0,0,0,0,0,0,1,1,0,0,1,0,,0,,0,0,0,0,0,1,0,0,,1,1,2,0,0,1,0,0,0,0,0,1,0,0,0,0,0,,3,3,2,1,1,0,0,0,0,0,1,0,,1,民進黨,2,1,0,1,0,1,0,0,0,0,,2,4,4,1,2,2,3,2,1,5,5,5,5,羅琪玟,2,2024/05/21,19,38,2,,,7,
24052109003,0,1973,1,,交通大學,999,資管,資訊,999,3,,5,,1,,1,,40,台北,文山,5,0,0,1,0,0,0,1,1,0,0,0,0,0,1,0,,0,,0,0,0,0,0,1,0,0,,1,0,3,1,0,1,0,0,0,0,0,0,0,0,0,0,0,,3,3,2,2,0,0,0,0,0,1,1,0,,0,,2,1,0,1,0,1,0,0,0,0,,2,4,4,1,3,3,3,3,2,4,3,4,4,羅琪玟,3,2024/05/21,19,45,2,,,7,
24052119004,0,1994,1,,美國東北大學,Business,999,半導體,planner,3,,5,,3,,2,,25,新北,999,5,1,0,999,0,0,0,2,0,0,0,0,0,0,0,1,Twitter,0,,0,0,0,0,0,0,1,0,,1,0,3,1,0,1,1,0,0,0,0,0,0,0,0,0,0,,1,3,4,2,0,0,0,0,1,0,0,0,,0,,2,1,0,1,0,0,0,0,0,0,,3,4,3,999,2,3,4,3,2,2,2,4,3,羅琪玟,4,2024/05/21,19,57,2,,經詢問後表明32題無法回答，沒有選項貼合其理解 / 分鐘在45-58間,7,
24052119005,1,1989,1,,台大,文,外文,科技業,業務,3,,5,,4,,4,,60,桃園,中壢,3+,1,0,999,0,0,0,1,1,0,1,0,0,0,0,0,,0,,0,0,0,0,0,1,0,0,,1,0,3,0,0,0,0,0,0,0,0,0,0,0,0,0,0,,3,3,3,2,1,1,0,0,0,0,1,0,,0,,1,1,0,1,0,1,0,0,0,0,,2,4,4,1,3,4,4,4,3,2,3,4,4,羅琪玟,5,2024/05/21,19,58,2,,,7,
24052119006,0,1953,3,,明志,999,999,進口商,經理,3,,4,,999,,999,,40,台北,999,到結束,1,999,999,0,1,1,1,0,0,0,0,0,0,0,0,,0,,0,0,0,0,0,1,0,0,,1,1,3,1,1,1,0,1,0,0,0,0,0,0,0,0,0,,1,1,5,999,0,0,0,0,0,0,0,0,,1,北社，台灣之友會,1,1,0,0,0,0,1,0,0,0,,2,3,3,1,3,3,3,3,3,2,2,5,4,羅琪玟,6,2024/05/21,20,6,2,,"經詢問，8、9題，受訪者表明父母為日本時代的人，無法回答；24, 25題表示已退休，非學生無法回答",7,
24052109007,1,1981,7,Nursing,輔英科技大學,護理,999,護理,專科護理師,3,,4,,2,,2,,20,新北,土城,3,1,0,3,0,0,0,1,0,0,1,1,0,0,0,0,,0,,0,0,0,0,0,1,0,0,,0,0,1,0,0,0,0,0,0,0,0,0,0,0,0,0,0,,3,3,2,2,0,0,0,0,0,1,0,0,,0,,2,0,0,1,0,1,0,0,0,0,,2,4,4,1,3,3,3,3,2,4,4,3,3,羅琪玟,7,2024/05/21,20,13,2,,,7,
24052119008,1,1999,6,,台大,醫,999,996,996,996,,5,,2,,3,,20,新北,板橋,5,2,0,2,0,0,0,0,0,0,0,0,0,0,0,0,,0,,1,0,1,0,0,1,0,0,,0,1,3,0,0,0,0,0,0,0,0,0,0,0,0,0,0,,3,3,2,2,0,0,0,0,1,0,0,0,,0,,2,0,0,1,0,0,0,1,1,0,,2,3,3,1,4,4,4,4,2,2,2,4,5,羅琪玟,8,2024/05/21,20,20,2,,,7,在16題標註瀏覽社群網站資訊自行前往為主要原因，但15題沒有填寫
24052019009,0,1986,1,,陽明,生科,999,生技,研究員,1,,4,,2,,2,,25,新北,三重,5,0,0,3,0,0,0,0,0,0,0,0,0,0,0,1,X,0,,0,0,0,0,0,1,0,0,,1,0,2,1,1,0,0,0,0,0,0,1,0,0,0,0,0,,1,1,3,3,0,0,0,0,1,1,1,0,,1,基進黨,1,1,0,1,0,1,1,1,0,0,,2,4,3,1,4,3,3,3,2,4,5,5,4,羅琪玟,9,2024/05/21,20,30,2,,,7,
24052119010,0,1998,5,,文化,999,法律,出版,工讀,3,,5,,4,,4,,60,新北,三重,5,1,0,999,0,0,0,3,1,0,0,2,0,0,0,0,,0,,0,0,1,0,0,0,0,0,,1,0,2,0,0,0,0,0,0,0,0,1,1,0,0,0,0,,3,3,3,2,1,0,0,0,0,0,0,0,,0,,1,0,0,1,0,1,0,1,0,0,,2,4,3,1,4,4,4,3,2,2,3,5,4,羅琪玟,10,2024/05/21,20,36,2,,,7,
24052115001,1,1981,1,,國立台灣師範大學,教育,衛教,醫院,胚胎師,2,公立醫院,5,,4,,4,,95,雲林,斗六,14,1,1,14,1,0,0,1,1,0,0,0,0,0,0,0,,0,,0,0,0,0,0,1,0,0,,1,1,2,1,0,0,0,0,0,0,0,0,0,0,0,0,0,,1,3,4,2,1,1,0,0,1,0,0,0,,0,,1,0,0,0,0,1,0,0,0,1,我的病人,3,3,3,1,3,2,3,2,2,2,2,5,5,劉于寧,1,2024/05/21,19,37,4,,,7,
24052115002,1,2000,6,,政大,文/社科,999,996,996,996,,4,,3,,3,,50,台北,文山,8,1,0,6,0,0,0,0,0,0,1,0,0,0,0,1,plurk,0,,0,0,0,0,0,1,0,0,,0,0,1,0,0,0,0,0,0,0,0,1,0,0,0,0,0,,3,3,2,2,0,0,0,0,0,1,0,0,,0,,3,0,0,1,0,1,0,0,0,0,,2,3,3,1,3,3,4,3,2,2,3,4,3,劉于寧,2,2024/05/21,19,47,4,,,7,
24052115003,0,1996,1,,中正大學,999,資工系,電信業,工程師,3,,5,,4,,4,,60,彰化,員林,5,0,0,2,0,0,0,3,0,0,2,1,0,0,0,0,,0,,0,0,0,0,0,1,0,0,,1,1,2,0,0,0,0,0,0,0,0,0,0,0,0,0,1,無,3,3,2,2,1,0,0,0,0,0,0,0,,0,,1,1,0,1,0,0,0,0,0,0,,3,4,1,1,3,3,3,3,2,3,3,3,3,劉于寧,3,2024/05/21,19,54,4,,,7,
24052115004,0,1984,1,,文化,文,中文,物流,999,1,,4,,2,,2,,30,台北,士林,6,1,0,7,0,0,0,0,1,0,0,0,0,0,0,0,,0,,0,0,0,0,0,1,0,0,,1,0,1,1,0,1,0,0,0,1,0,0,0,0,0,0,0,,1,3,3,2,1,0,0,0,0,0,1,0,,0,,1,0,0,1,0,0,0,1,0,0,,3,4,4,1,3,3,3,3,2,2,2,4,4,劉于寧,4,2024/05/21,20,4,4,,,7,
24052115005,1,1985,1,,文化,文,中文,出版社,行銷,3,,4,,1,,2,,30,台北,信義,4,7,1,35,0,0,0,0,0,0,0,1,0,0,0,2,前推特,0,,0,0,0,0,0,0,1,0,,1,0,1,1,0,1,0,0,0,0,0,1,0,0,0,0,0,,1,1,1,1,1,0,0,0,0,0,0,0,,0,,2,1,0,1,0,0,0,0,0,0,,3,3,3,1,3,3,3,3,2,3,2,4,3,劉于寧,5,2024/05/21,20,16,4,,,7,
24052115006,1,1964,1,,醒吾,財會,999,商,副理,3,,3,,1,,1,,30,台北,中正,3,1,0,2,0,0,0,2,1,0,0,0,0,0,3,0,,0,,0,0,0,0,0,1,0,0,,1,0,1,1,1,1,0,0,0,0,0,0,0,0,0,0,0,,1,3,4,3,0,0,0,0,0,1,0,0,,0,,1,1,1,0,0,1,0,1,0,0,,2,4,4,1,4,4,4,4,3,4,4,4,4,劉于寧,6,2024/05/21,20,27,4,,,7,
24052115007,0,1958,3,,淡江,999,教資,小商業,負責人,1,,4,,1,,7,無,60,桃園,八德,3,1,0,3,0,0,0,1,3,0,0,0,0,0,0,2,X (twitter),0,,0,0,0,0,0,1,0,0,,1,0,3,0,0,0,0,0,0,0,0,0,0,0,0,0,1,無,3,3,3,3,0,1,0,0,0,1,0,0,,1,999,2,1,0,1,1,0,0,0,0,0,,2,3,3,1,4,4,4,4,2,2,2,4,4,劉于寧,7,2024/05/21,20,38,4,,,7,
24052115008,0,1998,6,,台北大學,法律,法研,996,996,996,,4,,1,,1,,90,新北,三峽,5,1,0,5,0,3,0,1,2,0,0,0,0,0,0,0,,0,,0,0,0,0,0,1,0,0,,1,0,3,0,0,0,0,0,0,1,0,1,0,1,0,0,0,,3,3,5,4,0,0,0,1,0,0,0,0,,0,,1,0,0,1,0,0,0,0,0,0,,3,4,4,1,4,4,4,3,3,4,4,4,4,劉于寧,8,2024/05/21,20,47,4,,,7,
24052115009,1,1999,1,,台北醫學,999,999,醫療,藥師,2,,4,,4,,5,,100,宜蘭,宜蘭市,4,1,0,1,0,0,0,0,0,0,0,0,0,0,0,1,plurk,2,podcast,0,0,0,0,0,1,0,0,,0,0,4,0,0,0,0,0,0,0,0,0,0,0,0,0,1,無,3,3,3,2,0,1,0,0,0,0,0,0,,0,,2,0,0,1,0,1,0,0,1,0,,2,3,3,1,3,4,4,3,2,3,4,5,4,劉于寧,9,2024/05/21,20,56,4,,,7,
24052115010,0,1998,6,,台大,工,999,996,996,996,,5,,4,,4,,45,台北,內湖,6,1,999,4,0,1,0,1,1,0,1,1,0,0,0,0,,0,,0,0,1,0,0,1,0,0,,1,0,3,1,1,0,0,0,0,1,0,1,1,0,1,1,0,,1,3,5,4,1,0,0,0,0,0,0,0,,0,,1,1,0,1,0,0,0,1,0,0,,2,3,3,2,3,3,4,3,3,4,3,4,4,劉于寧,10,2024/05/21,22,49,1,,,7,
24052115012,0,1979,1,,輔仁,999,心理博,出版,總編輯,3,,6,,4,,3,,20,台北,中山,2,1,0,2,0,0,0,0,1,0,2,3,0,0,0,0,,0,,0,0,0,0,0,1,1,0,,1,1,3,1,0,1,0,0,0,0,0,0,0,0,0,0,0,,3,3,4,3,1,0,1,0,0,0,1,0,,0,,2,0,0,1,0,1,0,0,1,0,,3,3,3,1,3,3,2,2,2,2,2,4,3,劉于寧,12,2024/05/21,23,1,1,,,7,
24052115013,1,1991,1,,台藝,美術,美術,藝術教學,教師,1,,4,,2,,2,,45,基隆,中山,6,1,0,2,0,0,0,0,0,0,3,1,0,0,2,0,,0,,0,0,1,0,0,0,0,0,,1,0,3,1,0,1,0,0,0,0,0,0,0,0,0,0,0,,1,1,3,3,0,0,0,0,0,0,0,1,無,0,,1,1,1,1,0,0,0,0,0,0,,1,3,3,1,3,3,3,3,3,4,2,5,5,劉于寧,13,2024/05/21,23,9,1,,,7,
24052115014,1,1990,1,,元智,999,藝術設計,金融保險,壽險顧問,1,,4,,4,,3,,40,台北,大同,4,1,0,3,0,0,0,0,2,0,1,3,0,0,0,0,,0,,0,0,0,0,0,1,0,0,,1,0,3,1,0,0,0,0,0,0,0,1,0,0,0,0,0,,1,3,2,2,1,0,0,0,0,1,0,0,,0,,2,0,0,1,0,1,0,0,0,0,,2,3,4,1,3,3,4,4,3,4,3,4,4,劉于寧,14,2024/05/21,23,19,1,,,7,
24052115015,2,1995,6,,交通,客家,族文所,996,996,996,,5,,3,,4,,30,台北,999,999,0,0,3,0,0,0,3,0,0,2,1,0,0,0,0,,0,,0,0,0,0,0,1,0,0,,0,1,3,1,0,1,0,0,0,1,0,1,1,0,1,0,0,,1,1,3,3,0,0,0,0,0,0,1,0,,0,,1,1,1,1,0,0,1,1,0,0,,1,3,3,1,4,4,4,3,2,4,4,4,4,劉于寧,15,2024/05/21,23,28,1,,,7,12題標示不確定會停留多久
24052410001,0,2005,1,,999,資工,資工,999,999,999,,2,,6,,5,,150,台南,歸仁,12,1,0,7.5,0,1,0,0,0,0,0,3,0,0,2,0,,0,,0,0,0,0,0,0,1,0,,1,1,2,0,0,0,0,0,0,0,0,0,0,0,0,0,0,,3,3,3,2,0,0,0,0,0,0,0,0,,0,,1,1,1,1,0,0,0,1,0,0,,2,3,3,1,3,3,3,2,2,1,1,5,5,張仁瑋,1,2024/05/24,20,35,2,,,2,
24052410006,0,2001,6,,輔仁,社科,社會,996,996,996,,4,,3,,3,,40,新北,迴龍,8,2,0,8,0,3,0,1,2,0,0,0,0,0,0,0,,0,,2,0,0,0,0,1,3,0,,1,0,2,0,0,0,0,0,0,0,0,1,0,0,0,0,0,,3,3,3,2,0,1,0,0,0,0,0,0,,0,,2,1,0,1,0,0,0,1,0,0,,2,3,3,1,3,3,4,3,3,2,3,4,3,張仁瑋,6,2024/05/24,20,45,2,,,2,
24052410007,0,1992,1,,樹科大,999,休運,運動,999,3,,4,,2,,1,,30,台北,松山,5,1,0,4,1,3,0,2,1,0,0,0,0,0,0,0,,0,,0,0,3,0,2,0,1,0,,1,1,2,1,1,0,0,0,0,0,0,0,0,0,0,0,0,,1,1,3,3,1,0,0,0,0,0,1,0,,1,選前之夜,1,1,1,0,0,1,0,0,0,0,,3,4,3,1,2,2,4,2,1,1,1,5,4,張仁瑋,7,2024/05/24,20,52,2,,,2,
24052410008,0,2009,6,,恆毅,999,999,996,996,996,,1,,3,,3,,30,新北,板橋,3,1,0,1,0,0,0,0,3,0,2,1,0,0,0,0,,0,,2,0,0,0,2,1,0,0,,1,0,3,0,0,0,0,0,0,0,0,0,0,0,0,0,0,,3,3,5,2,0,0,0,0,1,0,0,0,,1,志工,1,1,0,1,0,0,0,1,0,0,,3,3,2,1,2,2,2,3,2,3,4,5,3,張仁瑋,8,2024/05/24,21,3,2,,,2,
24052410009,1,1992,1,,銘傳,999,法律,廣告行銷,行銷顧問,3,,4,,1,,2,,40,新北,永和,7,0,0,5,0,0,0,0,2,0,0,1,0,0,3,0,,0,,0,0,2,0,0,1,0,0,,0,0,3,1,0,0,0,0,0,0,0,1,0,0,0,0,0,,1,3,3,2,1,0,0,0,0,0,0,0,,0,,2,0,0,1,0,0,0,0,1,0,,2,4,3,1,3,4,4,3,4,4,3,4,3,張仁瑋,9,2024/05/24,21,12,2,,,2,
24052410010,0,2005,6,,德州大學奧斯汀分校,文理,歷史,996,996,996,,2,,4,,4,,25,台北,文山,4,0,0,5,1,0,0,3,0,0,2,1,0,0,0,0,,0,,0,0,2,0,0,1,3,0,,0,0,3,0,0,0,0,0,0,0,0,0,0,0,0,0,0,,3,3,3,3,1,0,0,0,0,0,1,0,,1,,1,1,1,1,0,0,1,1,1,0,,2,3,3,2,3,3,3,2,1,5,4,4,3,張仁瑋,10,2024/05/24,21,23,2,,,2,
24052410011,0,2000,1,,中興大學,農資,植病,媒體,平面攝影,4,,2,,4,,3,,120,台中,南,10,0,0,0.5,0,0,0,0,0,0,0,2,0,0,1,0,,3,經民連網站,0,0,2,0,0,1,3,0,,1,0,3,0,0,0,0,0,0,0,0,0,0,0,1,1,0,,3,3,3,2,1,0,0,0,1,1,1,0,,1,社區組織,2,1,1,1,0,1,0,1,1,0,,3,4,4,3,4,4,4,4,2,1,3,5,4,張仁瑋,11,2024/05/24,21,33,2,,,2,
24052410012,0,1985,1,,世新,999,社心,教育,技佐,3,,5,,3,,3,,40,新北,中和,3,0,0,2,0,3,0,0,1,0,2,0,0,0,0,0,,0,,3,0,1,2,0,0,0,0,,1,0,2,0,0,0,0,0,0,0,0,1,0,0,0,0,1,反紅媒,3,3,3,3,1,0,0,0,0,0,1,0,,0,,2,1,1,1,0,1,0,1,0,0,,2,3,3,1,3,3,3,3,3,4,3,4,4,張仁瑋,12,2024/05/24,21,42,2,,,2,
24052410013,0,1997,1,,999,999,999,科技,999,3,,4,,5,,5,,25,台北,大安,4,2,2,3,0,0,0,0,0,0,2,0,0,0,0,0,,1,女友,0,0,0,0,0,2,0,1,女友,0,0,2,0,0,0,0,0,0,0,0,0,0,0,0,0,0,,3,3,3,3,0,1,0,0,0,0,0,0,,0,,2,1,0,1,0,0,0,1,0,0,,3,3,3,1,2,3,3,3,3,4,3,4,4,張仁瑋,13,2024/05/24,10,44,2,A,,2,
24052410014,1,2006,6,,彰化藝術高中,999,999,996,996,996,,2,,3,,3,,90,彰化,和美,4,0,0,2,0,2,0,0,0,0,3,1,0,0,0,0,,0,,1,0,0,2,0,3,0,0,,1,0,3,0,0,0,0,0,0,0,0,0,0,0,0,0,0,,3,3,3,3,0,0,0,0,0,0,0,0,,0,,2,1,0,1,0,0,0,0,0,0,,2,4,3,1,3,3,3,3,2,4,3,4,4,張仁瑋,14,2024/05/24,22,44,2,A,,2,
24052410015,0,2000,1,,台大,工,化工,製造,產品行銷,3,,4,,4,,2,,40,新北,蘆洲,6,1,0,1,0,0,0,0,3,0,1,2,0,0,0,0,,0,,0,0,0,0,0,1,2,0,,1,1,3,0,0,0,0,0,0,0,0,1,0,0,0,0,1,反送中、同志遊行,3,3,3,3,1,0,0,0,1,0,1,0,,1,公司內志工團,2,0,0,1,0,1,1,1,0,0,,2,4,4,1,3,3,4,3,2,4,1,5,5,張仁瑋,15,2024/05/24,22,45,2,A,,2,
24052410016,1,2002,6,,中興,文,外文,996,996,996,,4,,2,,3,,180,台中,南,12,1,1,7,0,0,0,3,0,0,2,1,0,0,0,0,,0,,2,0,0,0,0,1,3,0,,1,1,2,0,0,0,0,0,0,0,0,0,0,0,0,0,0,,3,3,3,2,0,0,0,0,0,0,1,0,,0,,2,1,0,1,0,0,0,1,0,0,,2,4,4,1,2,2,2,2,2,4,4,4,4,張仁瑋,16,2024/05/24,22,58,2,A,,2,
24052410017,1,1990,1,,開南大,文,999,服務,行銷,1,,4,,5,,4,,50,台北,999,3,0,0,1.5,1,3,0,2,5,0,4,1,0,0,0,0,,0,,0,0,1,2,0,0,0,0,,1,0,1,0,0,0,0,0,0,0,0,1,0,0,0,0,0,,3,3,3,3,0,1,0,0,0,0,0,0,,0,,2,0,0,1,0,0,0,1,1,0,,3,4,3,1,2,2,3,3,3,4,4,5,4,張仁瑋,17,2024/05/24,23,1,2,A,,2,
24052410018,1,2005,6,,999,999,999,996,996,996,,2,,4,,4,,60,台北,內湖,2,0,0,1,0,0,0,0,0,0,0,1,0,0,3,2,推特,0,,1,0,0,0,0,0,0,0,,1,0,3,0,0,0,0,0,0,0,0,0,0,0,0,0,0,,3,3,4,3,0,0,0,0,0,1,0,0,,0,,1,1,1,1,0,0,0,1,0,0,,3,4,4,1,3,4,4,4,2,2,2,5,5,張仁瑋,18,2024/05/24,23,7,2,A,,2,
24052415001,1,2007,6,,文華高中,999,999,996,996,996,,999,,6,,5,,60,台中,西屯,4,0,0,4,0,1,0,3,0,0,0,1,0,0,0,0,,0,,0,0,0,0,0,1,2,0,,1,0,3,1,0,0,0,0,0,0,0,0,0,0,0,0,0,,1,3,2,2,0,1,0,0,0,1,0,0,,0,,1,1,0,1,0,0,1,1,0,0,,2,4,4,1,3,3,4,4,1,5,4,5,5,劉于寧,1,2024/05/24,18,53,5,濟南教堂,,2,
24052415002,0,1995,1,,師大,999,999,公職,999,2,,5,,2,,2,,20,台北,999,5,2,0,7,0,0,0,0,1,3,2,0,0,0,0,0,,0,,0,0,1,3,2,0,0,0,,1,0,3,0,0,0,0,0,0,0,0,1,0,0,0,0,0,,1,1,5,4,1,0,0,0,0,0,0,0,,0,,1,1,0,1,0,0,0,1,0,0,,2,3,3,1,3,3,4,3,1,2,4,4,4,劉于寧,2,2024/05/24,19,0,5,濟南教堂,,2,
24052415003,0,1990,1,,政大,999,999,保險,保險經紀人,4,,4,,4,,3,,10,台北,中正,2,0,0,4,1,2,3,0,0,0,0,0,0,0,0,0,,0,,0,2,3,0,1,0,0,0,,0,1,1,0,0,0,0,0,0,0,0,0,0,0,0,0,0,,3,3,3,3,0,0,0,0,1,0,0,0,,0,,3,0,0,1,0,0,0,0,0,0,,3,1,1,2,1,1,1,1,2,4,1,1,1,劉于寧,3,2024/05/24,19,6,5,濟南教堂,,2,
24052415004,1,1969,1,,成大,文,歷史,服務,999,3,,4,,1,,1,,40,台北,文山,6,1,0,4,0,0,0,0,1,0,0,2,0,0,0,0,,0,,0,0,1,0,0,1,0,0,,1,0,3,0,0,1,0,0,0,0,0,0,0,0,0,0,0,,1,3,4,2,0,0,0,0,0,0,0,0,,0,,1,0,0,1,0,1,0,0,0,0,,999,3,3,1,4,4,4,4,2,2,2,5,4,劉于寧,4,2024/05/24,19,15,5,濟南教堂,,2,
24052415005,1,1976,7,,999,999,日文,SPA,店長,1,,2,,1,,1,,50,新北,蘆洲,3,0,0,1,0,1,0,0,2,0,0,0,0,0,0,0,,0,,0,0,0,0,0,1,0,0,,1,0,3,1,0,1,0,0,0,0,0,0,0,0,0,0,0,,1,1,3,2,0,0,0,0,0,0,0,1,,0,,2,0,1,1,0,1,0,0,0,0,,3,4,1,1,4,4,4,999,2,2,4,5,5,劉于寧,5,2024/05/24,19,24,5,濟南教堂,,2,
24052415007,1,1991,7,,大同,人文,社工,999,999,999,,4,,3,,2,,20,台北,內湖,到12點,2,0,4,0,0,1,0,3,0,0,0,0,0,2,0,,0,,0,2,3,0,0,0,0,1,教友,1,0,3,1,0,0,0,0,0,0,0,0,0,0,0,0,0,,3,3,2,4,0,0,1,0,0,0,0,0,,1,濟南教會,2,0,0,0,0,0,0,0,0,1,教會,3,3,2,1,3,3,3,2,2,3,3,4,3,劉于寧,7,2024/05/24,19,31,5,濟南教堂,,2,
24052415008,1,2000,6,,交通,管理,工工,996,996,996,,4,,4,,3,,90,新竹,東,4,1,0,8,0,0,0,2,0,0,3,1,0,0,0,0,,0,,0,0,2,0,0,3,1,0,,1,0,3,0,0,0,0,0,0,0,0,1,0,0,0,0,0,,3,3,2,1,0,0,0,0,0,1,0,0,,0,,1,1,0,1,0,0,0,0,0,0,,3,4,4,1,3,3,4,3,2,2,2,3,3,劉于寧,8,2024/05/24,19,39,5,濟南教堂,,2,
24052415009,0,1991,1,,明道,999,景觀,設計,999,3,,4,,2,,2,,60,新北,烏來,6,1,0,10,0,0,0,0,0,0,2,1,0,0,0,3,YT,0,,0,0,0,0,0,0,0,1,自發,0,0,1,1,1,0,0,0,0,0,0,0,0,0,0,0,0,,3,3,2,2,1,0,0,0,0,0,0,0,,0,,2,1,0,1,0,0,0,0,0,0,,3,3,3,1,1,1,1,2,1,3,3,3,3,劉于寧,9,2024/05/24,19,49,5,濟南教堂,,2,
24052415010,1,1988,1,,元智,企管,999,行銷,專案PM,3,,4,,2,,2,,60,台北,文山,4,1,0,4,1,0,0,2,0,0,3,0,0,0,0,1,youtube,0,,0,3,2,0,0,1,0,0,,1,0,3,0,0,0,0,0,0,0,0,1,0,0,0,1,0,,3,3,4,4,1,0,0,0,1,0,0,0,,0,,3,0,0,1,0,0,0,0,0,0,,2,3,3,1,4,4,4,3,2,2,2,3,2,劉于寧,10,2024/05/24,19,57,5,濟南教堂,,2,
24052415012,0,1980,5,,政治,國際事務,國家安全,NGO,秘書長,6,為台灣環境,4,,4,,4,,40,台北,內湖,5,1,0,9,0,0,0,0,0,2,0,0,0,0,3,1,Youtube,0,,0,0,0,0,0,1,0,0,,1,1,1,1,1,1,0,0,0,1,1,1,1,1,0,1,1,野草莓、樂生、反媒、大巨蛋、大浦,1,1,5,4,0,0,0,1,1,1,1,0,,1,NGO,1,1,1,1,1,1,1,1,1,0,,3,4,3,999,3,3,4,999,2,3,3,5,5,劉于寧,12,2024/05/24,20,28,5,濟南教堂,,2,
24052415013,0,1984,1,,明志科技大學,999,電子,半導體,自動化工程師,3,,4,,1,,1,,60,桃園,桃園,6,0,0,3.5,0,2,0,1,3,0,0,0,0,0,0,0,,0,,0,0,0,0,0,1,2,0,,0,1,1,0,0,0,0,0,0,0,0,0,0,0,0,0,1,凱道之夜,3,3,1,1,0,0,0,0,0,0,0,0,,1,西門笑隊,1,0,0,1,1,1,1,0,0,0,,5,4,4,1,3,3,3,3,3,2,3,5,4,劉于寧,13,2024/05/24,22,45,5,中山南路,,2,
24052415014,1,1990,1,,開南,999,應外,製造,業務,1,,4,,3,,2,,60,桃園,中壢,3,1,0,2,999,0,0,0,1,0,2,3,0,0,0,0,,0,,0,0,0,0,0,0,1,0,,1,0,2,1,0,1,0,0,0,0,0,1,0,0,0,0,0,,1,3,3,2,0,1,0,0,0,0,0,0,,0,,2,0,0,1,0,1,0,1,0,0,,3,3,2,1,4,4,4,4,3,2,1,5,4,劉于寧,14,2024/05/24,22,52,5,中山南路,,2,
24052415015,0,1978,1,,國立勤益,999,電子,科技,工程師,3,,4,,2,,1,,20,新北,板橋,3,0,0,1,0,2,0,0,3,0,0,0,0,0,0,0,,1,youtube,0,0,0,0,0,1,2,0,,0,0,1,0,0,0,0,0,0,0,0,0,0,0,0,0,0,,3,3,4,3,0,0,0,0,0,1,0,0,,0,,1,1,0,0,0,1,0,0,0,0,,1,4,4,1,4,4,4,4,2,2,4,4,4,劉于寧,15,2024/05/24,23,5,5,中山南路,,2,
24052415016,1,1996,1,,台大,社科,社工,社會局,社工,2,,5,,2,,2,,40,新北,中和,3,1,0,4,0,0,0,3,0,0,2,1,0,0,0,0,,0,,0,3,2,0,0,1,0,0,,1,1,3,0,1,0,0,0,0,0,0,1,0,0,0,0,0,,3,3,3,3,1,1,0,0,0,0,1,0,,0,,2,1,0,1,0,1,0,1,0,0,,2,4,3,1,3,3,3,3,2,4,3,5,5,劉于寧,16,2024/05/24,23,12,5,中山南路,,2,
24052415017,0,1983,1,,東吳,法,法律,公務員,員工,2,,6,,2,,4,,30,新北,新莊,3,1,0,6,0,0,0,3,1,0,0,0,0,0,2,0,,0,,0,0,0,0,0,0,0,1,有運動就參加,1,0,3,1,1,1,0,0,0,0,1,1,1,1,0,0,0,,1,1,5,4,1,0,0,1,0,0,1,1,戲劇社,1,社團法人台灣永社,1,1,0,1,0,1,1,1,1,0,,2,1,1,1,4,4,4,4,4,5,4,4,1,劉于寧,17,2024/05/24,23,24,5,中山南路,,2,
24052415018,1,1982,1,,中央,管理,資管,科技業,課長,3,,5,,1,,2,,45,桃園,中壢,4,1,0,4,0,2,0,1,3,0,0,0,0,0,0,0,,0,,0,0,0,0,0,0,1,0,,0,0,1,1,0,0,0,0,0,0,0,0,0,0,0,0,0,,1,3,5,3,0,1,0,0,0,0,0,0,,1,管委會,2,1,0,1,0,1,0,0,0,0,,2,3,3,1,3,4,3,2,2,3,2,1,4,劉于寧,18,2024/05/24,23,34,5,中山南路,,2,
24052422001,0,1986,1,,999,999,社工,999,社工,3,,4,,1,,2,,120,台中,999,6,1,1,999,0,0,0,0,3,0,1,2,0,0,0,0,,0,,0,0,0,0,2,1,3,0,,1,0,1,1,0,1,0,0,0,0,0,1,0,0,0,0,0,,3,3,1,5,1,0,0,0,0,0,0,0,,0,,2,1,1,1,0,1,0,1,0,0,,2,4,4,1,4,4,4,4,999,2,5,5,5,丁祈,1,2024/05/24,18,15,4,,,2,
24052422002,0,2000,1,,999,999,999,金融,助理,3,,4,,4,,4,,90,新北,淡水,3,999,999,999,0,4,0,3,2,0,1,0,0,0,0,0,,0,,0,0,0,0,0,0,1,0,,1,0,1,0,0,0,0,0,0,0,0,0,0,0,0,0,0,,3,3,4,2,0,0,0,0,1,0,0,0,,0,,2,1,0,1,0,0,0,0,0,0,,3,4,2,1,3,3,3,4,3,4,4,4,4,丁祈,2,2024/05/24,18,17,2,,,2,
24052422003,1,1970,1,,英文學校，看不出來,999,999,教,999,2,,6,,5,,3,,60,新北,新莊,8,2,999,10,0,0,0,0,1,0,0,1,0,0,0,0,,0,,0,0,0,0,0,1,0,0,,1,0,3,1,1,1,0,0,0,0,0,1,0,0,0,0,0,,1,3,3,3,0,0,0,1,0,0,0,0,,0,,1,1,1,1,0,1,0,0,0,0,,2,4,4,1,3,3,4,3,2,1,2,5,5,丁祈,3,2024/05/24,18,29,2,,,2,
24052422004,0,1980,1,,亞東,999,流行經營,999,999,3,,4,,1,,1,,30,新北,新店,4,1,0,999,0,1,0,1,0,0,0,0,0,0,0,0,,0,,0,0,0,0,0,0,1,0,,1,1,5,0,0,0,0,0,0,0,0,0,0,0,0,0,1,反擴權,3,3,4,999,0,0,0,0,0,0,0,0,,0,,2,1,0,0,0,1,0,0,0,0,,2,3,3,1,3,3,3,3,2,2,2,4,4,丁祈,4,2024/05/24,18,30,999,,,2,
24052422005,0,2004,6,,政大,999,999,996,996,996,,999,,4,,5,,60,新北,新莊,5,1,999,999,0,3,0,0,0,0,1,0,2,0,0,0,,0,,1,0,0,0,0,0,0,0,,0,0,3,0,0,0,0,0,0,0,0,0,0,0,0,0,0,,3,3,3,3,0,0,0,0,1,0,1,0,,0,,2,1,0,1,0,0,0,1,0,0,,2,3,3,1,3,3,4,2,2,3,4,2,3,丁祈,5,2024/05/24,18,35,999,,,2,
24052422006,1,2002,6,,淡江,外語,法文,996,996,996,,4,,2,,2,,60,新北,淡水,5,1,999,999,0,0,0,0,0,0,2,1,0,0,0,0,,0,,0,0,0,0,0,1,0,0,,0,0,1,1,1,0,0,0,0,0,0,1,0,0,0,0,0,,1,1,2,2,0,0,1,0,0,0,0,0,,0,,2,0,0,1,0,0,0,0,0,1,伴侶,3,4,2,3,2,3,3,3,2,4,3,4,4,丁祈,6,2024/05/24,18,40,999,,,2,
24052422007,0,1997,1,,NTUB,BA,應外,999,999,999,,4,,3,,2,,15,台北,大安,6~8,1,0,6,0,0,0,0,0,0,1,2,0,0,0,0,,0,,0,0,0,0,0,1,0,0,,1,0,3,0,0,0,0,0,0,0,0,1,0,0,0,0,0,,3,3,3,3,0,0,0,0,0,1,0,0,,0,,2,1,0,1,0,0,0,0,1,0,,2,4,4,1,3,3,4,3,2,2,2,4,4,丁祈,7,2024/05/24,18,42,2,,,2,
24052422008,0,2004,6,,台大,生農,999,996,996,996,,4,,5,,4,,20,台北,大安,2,1,0,1,0,0,0,3,0,0,0,1,2,0,0,0,,0,,1,0,0,0,0,0,0,0,,1,1,2,0,0,0,0,0,0,0,0,0,0,0,0,0,0,,3,3,2,2,0,0,0,0,1,0,0,0,,0,,2,1,0,1,0,0,0,0,0,0,,2,4,4,1,3,3,3,3,2,1,2,2,4,丁祈,8,2024/05/24,18,45,2,,,2,
24052422009,0,1988,7,自體商,大葉,999,工設,體育,Boss,1,,4,,2,,2,,30,台北,999,2,1,0,1,0,0,0,1,0,0,0,0,0,0,0,0,,0,,0,0,0,0,0,1,0,0,,1,0,1,0,0,0,0,0,0,0,0,0,0,0,0,0,0,,3,3,4,2,0,0,0,0,1,0,0,0,,0,,1,1,0,1,0,0,0,0,0,0,,2,3,3,1,3,3,4,3,2,4,3,5,4,丁祈,9,2024/05/24,18,50,999,,,2,
24052422010,1,1997,2,,政大,廣電,999,996,996,996,,4,,4,,3,,30,台北,信義,5,0,0,0,0,0,0,0,0,0,1,3,0,0,0,2,YouTube,0,,0,0,0,0,0,1,0,0,,0,0,3,0,0,0,0,0,0,0,0,0,0,0,0,0,0,,3,3,5,5,0,0,0,0,0,0,1,0,,0,,3,1,1,1,0,0,0,1,0,0,,2,4,4,1,3,3,3,3,3,2,4,4,4,丁祈,10,2024/05/24,18,52,2,,,2,
24052406001,1,1992,1,,交通,客家,人社,設計,營運長,1,,4,,3,,2,,140,新竹,東,2~3,1,0,2~3,0,0,0,0,2,0,3,1,0,0,0,0,,0,,0,0,0,0,0,1,0,0,,1,0,3,1,0,1,0,0,0,0,0,1,0,0,0,0,0,,1,3,5,5,1,1,0,1,0,0,0,0,,0,,1,1,1,1,0,1,0,1,0,0,,2,4,3,1,2,3,4,3,2,3,4,5,3,邱宥銓,1,2024/05/24,18,57,1,靠外交部,,2,
24052406003,0,1959,3,,崑山科大,999,儀表工程,金融,經理,1,,4,,1,,1,,30,台北,信義,5,1,1,4,0,3,0,2,1,0,0,0,0,0,0,0,,0,,0,0,0,0,0,0,1,0,,1,1,1,1,1,1,0,0,0,0,0,0,0,0,0,0,0,,1,1,4,4,0,0,0,0,0,1,0,0,,0,,2,1,1,1,0,0,0,1,0,0,,2,4,3,1,4,4,4,4,2,3,4,5,4,邱宥銓,3,2024/05/24,19,10,1,靠外交部,,2,
24052406004,1,1979,1,,元智,999,999,資訊,工程師,3,,5,,2,,2,,60,桃園,中壢,10,6,0,6~7,0,0,0,0,2,0,0,1,0,0,3,0,,0,,2,0,3,0,0,1,0,0,,1,1,3,1,0,1,0,0,0,0,0,0,0,0,0,0,0,,1,3,3,3,0,0,0,0,0,1,0,0,,0,,1,1,0,1,0,0,0,0,0,0,,2,3,3,1,3,2,2,3,3,4,3,4,4,邱宥銓,4,2024/05/24,19,18,1,靠外交部,,2,
24052406005,1,1994,1,,交大,客家,族文,999,研究助理,1,,5,,2,,3,,80,宜蘭,999,12,2,0,12,0,0,0,0,3,0,3,2,0,0,0,1,YT,0,,0,0,0,0,0,1,0,0,,1,1,3,1,0,1,0,0,0,0,0,1,0,0,0,0,0,,1,3,5,3,1,1,0,1,0,0,1,0,,0,,1,1,0,1,0,1,0,1,0,0,,2,4,4,1,4,4,4,4,2,1,1,5,5,邱宥銓,5,2024/05/24,19,29,1,靠外交部,,2,
24052406006,0,1975,1,,999,999,999,Sales,Manager,3,,5,,2,,2,,60,桃園,999,3,1,999,1,0,0,0,0,1,0,0,0,0,0,0,0,,0,,0,0,0,0,0,1,0,0,,1,0,1,0,0,1,0,0,0,0,0,0,0,0,0,0,0,,1,3,999,999,0,0,0,0,0,0,0,0,,1,,1,1,0,1,0,0,0,0,0,0,,2,3,3,1,3,3,3,3,2,4,4,4,4,邱宥銓,6,2024/05/24,19,39,1,靠外交部,,2,
24052406007,1,1998,1,,銘傳,999,廣電,廣告,企劃,3,,4,,3,,3,,40,新北,永和,6,0,0,3,0,0,0,0,3,0,2,1,0,0,0,0,,0,,0,0,0,0,0,0,1,0,,1,1,3,1,0,0,0,0,0,0,0,0,0,0,0,0,0,,3,3,3,3,1,0,0,0,0,0,0,0,,0,,2,1,0,0,0,1,0,0,0,0,,3,3,2,1,2,4,4,4,2,2,2,4,4,邱宥銓,7,2024/05/24,19,49,1,靠外交部,,2,
24052402001,1,1966,1,,致理,999,999,自由,999,1,,3,,1,,1,,40,新北,999,2,2,999,3,0,2,0,1,0,0,0,0,0,0,3,0,,0,,0,0,0,0,0,0,1,0,,1,0,3,1,0,0,0,0,0,0,0,1,0,0,0,0,0,,3,3,5,5,0,0,0,0,1,1,0,0,,0,,3,0,0,1,0,0,0,0,0,0,,5,3,3,1,3,3,3,3,2,4,4,3,2,李俊穎,1,2024/05/24,18,49,1,靠外交部,,2,
24052402002,1,1998,1,,海洋,999,航管,服務業,999,3,,4,,3,,3,,50,台北,999,2,2,0,1,0,0,0,0,0,0,0,1,0,0,0,0,,0,,0,0,0,0,0,1,0,0,,0,0,2,0,0,0,0,0,0,0,0,1,0,0,0,0,0,,3,3,2,2,0,0,0,0,0,0,0,0,,0,,2,1,1,1,0,0,0,0,0,0,,2,3,3,1,3,3,3,3,2,2,4,4,4,李俊穎,2,2024/05/24,19,0,1,靠外交部,,2,
24052402004,1,1980,1,,東華,999,中文,999,教師,2,,5,,4,,3,,120,南投,埔里,7,0,0,4,0,0,0,0,2,0,0,1,0,0,0,0,,0,,0,1,0,0,0,0,0,0,,1,0,3,1,0,0,0,0,0,0,0,0,0,0,0,0,1,樂生,3,3,2,2,0,0,0,0,0,1,0,1,戲劇,0,,1,0,0,1,0,1,0,0,0,0,,3,4,4,1,4,4,4,4,4,2,2,5,2,李俊穎,4,2024/05/24,19,11,1,靠外交部,,2,
24052402005,0,1975,1,,逢甲,999,經濟,運輸,駕駛員,3,,4,,1,,1,,15,桃園,桃園,6,0,0,4,0,1,0,0,0,0,0,2,0,0,0,0,,0,,0,0,0,0,0,1,1,0,,1,0,3,0,0,0,0,0,0,0,0,0,0,0,0,0,0,,3,3,3,2,1,0,0,0,0,0,0,0,,0,,1,0,0,1,0,1,0,0,0,0,,2,3,3,1,3,3,3,3,2,2,2,5,5,李俊穎,5,2024/05/24,19,23,1,靠外交部,,2,
24052402006,1,1994,2,,世新,傳播,圖文傳播,996,996,996,,4,,4,,4,,30,台北,中正,10,0,0,7,0,0,0,0,0,0,0,1,0,0,0,0,,0,,0,0,0,0,0,1,0,0,,1,0,3,1,0,0,0,0,0,0,0,0,0,0,0,0,1,反紅媒,1,3,4,3,0,0,0,0,0,1,0,0,,0,,2,1,0,1,0,1,0,0,0,0,,2,3,3,1,4,4,4,4,3,4,3,4,4,李俊穎,6,2024/05/24,19,36,1,靠外交部,,2,
24052402007,0,1997,1,,東華,人文,歷史雙主修民族社會工作,999,社工,6,NGO,4,,7,不熟悉,4,,120,花蓮,吉安,1,0,0,1,0,0,0,0,1,0,2,0,0,0,0,0,,0,,0,0,0,0,0,1,0,0,,0,0,4,0,0,0,0,0,0,0,0,0,0,0,0,0,0,,3,3,4,3,1,1,1,0,0,0,0,0,,0,,2,0,0,1,0,1,0,0,0,0,,3,3,2,1,4,3,3,4,2,3,3,4,4,李俊穎,7,2024/05/24,19,49,1,靠外交部,馬來西亞人,2,
24052413001,1,2006,6,,華江,999,999,996,996,996,,2,,5,,4,,50,新北,土城,3,1,0,1,1,3,0,0,0,0,2,1,0,0,0,0,,0,,2,0,0,0,0,1,0,0,,1,1,2,0,0,0,0,0,0,0,0,0,0,0,0,0,0,,3,3,4,3,0,1,0,0,0,0,0,0,,0,,1,1,0,1,0,0,0,1,1,0,,3,3,3,1,3,3,3,3,3,2,1,5,5,黃綺瑀,1,2024/05/24,15,8,5,濟南教會區,,2,
24052413002,0,1998,1,,台大,工,工海,999,工程師,3,,5,,3,,4,,40,台北,北投,6,0,0,999,0,0,0,0,0,0,2,1,0,0,0,0,,0,,3,0,0,0,2,1,0,0,,1,1,2,0,0,0,0,0,0,0,0,1,0,0,0,0,0,,3,3,2,2,1,0,0,0,1,0,0,0,,0,,1,0,0,1,0,0,0,1,1,0,,2,3,3,1,3,4,4,3,2,2,3,5,4,黃綺瑀,2,2024/05/24,15,17,5,濟南教會區,,2,
24052413003,0,1980,1,,師範大學,理,環教,文化工作,PM,4,,5,,5,,4,,200,花蓮,光復,8~36,0,0,999,0,0,0,0,2,0,0,1,0,0,0,3,Discord,0,,0,0,0,0,2,3,0,1,認為該到場支持,0,0,2,1,1,1,0,0,1,1,0,0,0,0,1,0,0,,1,1,3,3,1,1,0,0,0,1,0,0,,1,荒野保護協會,1,0,0,0,0,0,0,0,1,0,,3,4,3,1,4,3,4,4,2,2,3,4,5,黃綺瑀,3,2024/05/24,15,32,5,濟南教會區,,2,
24052413004,1,1986,1,,德明,商,多媒體設計,999,視覺設計,3,,4,,1,,1,,300,高雄,岡山,12,0,999,2,0,0,0,0,2,0,0,1,0,0,3,0,,0,,0,0,0,0,0,0,1,0,,0,1,3,0,0,1,0,0,0,1,0,0,0,0,1,1,1,護樹行動,3,3,2,1,0,0,1,0,0,0,0,0,,1,民進黨、台灣森林城市協會,1,0,0,0,0,0,0,0,1,1,男友,1,4,2,1,3,3,2,4,2,3,2,5,4,黃綺瑀,4,2024/05/24,15,48,5,濟南教會區,,2,
24052413005,1,1988,1,,大葉,999,視傳,平面設計,設計,3,,4,,1,,2,,60,台北,內湖,7,1,0,8,0,0,0,2,3,0,0,1,0,0,0,0,,0,,0,0,0,0,0,1,0,0,,1,0,3,1,1,1,0,0,0,0,0,0,0,0,0,0,1,洪仲丘,3,3,1,1,0,0,0,0,0,0,0,0,,0,,3,0,0,1,0,0,0,0,1,0,,2,4,3,1,2,3,3,3,2,4,3,4,4,黃綺瑀,5,2024/05/24,15,58,5,濟南教會區,,2,
24052413006,1,1998,6,,台藝大,傳播,999,996,996,996,,5,,4,,4,,30,新北,板橋,6,1,999,7,2,3,0,0,2,0,0,1,0,0,0,0,,0,,0,0,0,0,0,1,0,0,,0,1,3,1,0,0,0,0,0,0,0,0,0,0,0,0,0,,3,3,3,3,0,0,0,0,0,1,0,0,,0,,2,1,0,1,0,0,0,0,0,0,,1,4,3,1,2,3,3,2,2,4,4,4,4,黃綺瑀,6,2024/05/24,16,9,5,濟南教會區,,2,
24052405001,0,1956,3,,999,999,999,輕工業,經理,6,退休,3,,1,,1,,30,新北,五股,3,1,0,3,0,1,0,0,0,0,0,0,0,0,0,0,,0,,0,0,0,1,0,0,0,0,,0,0,3,0,0,0,0,0,0,0,0,0,0,0,0,0,0,,3,3,3,999,999,999,999,999,999,999,999,999,,0,,1,1,0,0,0,0,0,0,0,0,,2,3,3,1,3,3,3,3,2,2,3,4,4,林清緯,1,2024/05/24,12,20,1,群賢樓前,,2,
24052405002,1,1999,1,,中山工商,999,999,傳產,作業員,1,,2,,4,,2,,60,桃園,蘆竹,5,0,0,999,0,3,0,0,0,0,0,1,0,0,0,0,,2,女友,0,0,0,1,0,0,0,0,,0,0,2,0,0,0,0,0,0,0,0,0,0,0,0,0,0,,3,3,2,1,0,1,0,0,0,0,0,0,,0,,2,1,0,1,0,0,0,0,0,0,,2,4,3,1,3,2,2,3,2,3,5,4,3,林清緯,2,2024/05/24,12,29,1,,,2,
24052405003,1,1976,1,,慈濟,社會,社工,999,社工,3,,5,,1,,1,,50,新北,泰山,5,0,0,0,0,0,0,3,1,0,0,2,0,0,0,0,,0,,0,0,0,0,0,1,0,0,,1,0,1,0,0,0,0,0,0,0,0,0,0,0,0,0,1,,3,3,3,2,0,1,0,0,0,0,0,0,,0,,2,1,1,0,0,1,0,1,0,0,,2,4,4,1,3,2,3,4,2,5,4,5,4,林清緯,3,2024/05/24,12,37,1,,,2,
24052416001,1,1955,4,,基隆中山國中,999,999,996,996,996,,1,,999,,999,,60,基隆,中山,4,0,0,0,0,2,0,0,3,0,0,0,0,0,0,0,,1,家人,0,0,0,1,0,0,0,0,,0,0,1,1,0,0,0,0,0,0,0,0,0,0,0,0,1,洪仲丘,1,3,1,1,0,0,0,0,0,0,0,0,,0,,2,1,1,0,0,0,0,0,0,0,,3,3,3,1,2,4,4,3,2,2,2,3,3,潘雅鈺,1,2024/05/24,20,19,1,外交部側,訪員詢問,2,
24052416002,1,2000,1,,北科大,999,建築,建築,設計師,3,,4,,5,,5,,30,新北,永和,6,0,0,0,0,0,0,3,0,0,2,1,0,0,0,0,,0,,0,0,2,0,0,1,0,0,,0,0,3,0,0,0,0,0,0,0,0,0,0,0,0,0,0,,999,999,2,1,1,0,0,0,0,0,0,0,,0,,3,1,0,0,0,0,0,1,0,0,,2,4,4,1,3,3,4,4,2,3,2,4,3,潘雅鈺,2,2024/05/24,20,28,1,外交部側,,2,
24052416003,1,1987,1,,銘傳,999,財金,政府機關,999,2,,5,,2,,1,,90,宜蘭,宜蘭,3.5,1,0,1,0,0,0,2,1,0,0,0,0,0,3,0,,0,,0,0,0,0,0,1,0,0,,1,1,2,0,0,0,0,0,0,0,0,0,0,0,0,0,0,,3,3,3,2,1,0,0,0,0,0,0,0,,0,,2,1,0,1,0,0,0,1,0,0,,3,4,3,999,3,3,3,2,3,2,4,3,3,潘雅鈺,3,2024/05/24,20,34,1,外交部側,,2,
24052416004,0,1960,1,,中山,999,應數,999,教師,3,,5,,3,,4,,60,台北,999,2,0,0,0,0,1,0,2,0,0,0,0,0,0,0,0,,0,,0,0,0,1,0,0,0,0,,1,0,1,1,0,1,0,0,0,0,0,1,0,0,0,0,0,,1,1,2,2,0,0,0,0,0,0,0,0,,0,,3,1,0,1,0,1,0,0,0,0,,3,3,3,1,4,3,3,3,2,4,3,4,3,潘雅鈺,4,2024/05/24,20,42,1,外交部側,,2,
24052416005,1,2002,6,,政大,傳播,廣告,996,996,996,,4,,6,,5,,60,台北,文山,3,0,0,0,0,0,0,2,1,0,3,0,0,0,0,0,,0,,0,0,0,0,0,1,0,0,,1,1,3,0,0,0,0,0,0,0,0,1,0,0,0,0,0,,3,3,4,2,1,0,0,0,0,1,0,0,,999,,2,0,0,1,0,0,0,0,0,0,,2,4,3,1,3,3,4,4,2,1,2,4,4,潘雅鈺,5,2024/05/24,20,53,1,外交部側,,2,
24052416006,1,1991,1,,政大,社科,社工,社福,社工,3,,5,,1,,1,,30,台北,文山,3,0,0,0,0,1,0,0,0,0,2,0,0,0,0,0,,0,,0,0,0,0,0,0,1,0,,1,0,3,0,0,0,0,0,0,0,0,0,0,0,0,0,0,,3,3,3,4,0,1,1,0,0,0,0,0,,0,,2,1,0,1,0,1,0,0,0,0,,3,4,4,1,4,4,4,4,4,2,2,3,2,潘雅鈺,6,2024/05/24,21,0,1,外交部側,,2,
24052419001,0,1983,1,,北藝大,藝術,999,藝術,999,1,,5,,3,,3,,40,台北,士林,5~6,1,0,6,0,3,0,0,1,0,2,0,0,0,0,0,,0,,0,0,0,0,0,1,0,0,,1,1,3,1,0,0,0,0,0,0,0,1,0,0,0,0,0,,1,3,4,4,0,0,0,0,0,0,0,0,,0,,2,0,0,1,0,0,0,0,0,0,,2,3,3,1,3,3,3,3,2,4,3,4,4,羅琪玟,1,2024/05/24,21,10,1,外交部側,,2,
24052419002,1,1984,2,,真理,999,999,996,996,996,,4,,3,,2,,90,台中,南屯,11,0,0,0,0,1,0,3,2,0,0,0,0,0,0,0,,0,,0,0,0,0,0,2,1,0,,1,0,1,0,0,0,0,0,0,0,0,0,0,0,0,0,0,,3,3,2,2,0,0,0,0,0,1,0,0,,0,,1,1,0,1,0,1,0,0,0,0,,2,3,3,1,3,3,3,3,3,4,3,4,3,羅琪玟,2,2024/05/24,21,25,1,外交部側,,2,
24052419003,0,1971,1,,文化,農,生物科技,商,專員,3,,5,,4,,1,,40,台北,士林,6,0,0,0,0,0,0,0,2,0,0,0,0,0,0,0,,1,Youtube,0,0,0,0,0,1,0,0,,0,0,1,1,0,0,0,0,0,0,0,0,0,0,0,0,0,,3,3,2,2,0,0,0,0,0,0,0,0,,0,,2,0,0,1,0,1,0,0,0,0,,2,3,3,1,3,3,3,3,3,2,3,3,2,羅琪玟,3,2024/05/24,21,35,1,外交部側,,2,
24052419004,1,1965,4,,實踐,999,999,設計,設計師,3,,3,,1,,1,,15,台北,中正,7,1,0,4,0,0,0,0,2,0,0,0,0,0,0,0,,1,Youtube,0,0,0,0,0,1,0,0,,0,1,3,1,0,0,0,0,0,0,0,0,0,0,0,0,0,,1,3,1,1,0,0,0,0,0,0,0,0,,0,,2,1,1,0,0,0,0,0,0,0,,2,3,3,1,2,2,3,2,2,2,4,4,4,羅琪玟,4,2024/05/24,21,55,1,外交部側,,2,
24052404001,0,1998,1,,樹德,管理,999,餐飲業,主任,3,,4,,2,,3,,60,台中,西,最後,0,0,999,0,0,0,3,0,0,1,2,0,0,0,0,,0,,0,0,3,0,0,1,2,0,,1,1,2,0,0,0,0,0,0,0,0,1,0,0,0,0,0,,3,3,2,2,0,0,0,0,0,1,0,0,,0,,2,0,0,1,0,1,0,0,0,0,,3,3,3,1,4,3,4,3,2,5,3,5,4,林彥均,001,45436,18,54,1,,面舞台左,7,
24052404002,0,2002,6,,南加州大,SDA,Theatre & Public Relations,996,996,996,,4,,4,,5,,20,台北,中山,1.5,0,0,999,0,0,0,2,3,0,0,1,0,0,0,0,,0,,0,0,0,0,0,1,0,0,,0,0,3,0,0,0,0,0,0,0,0,1,0,0,0,0,0,,3,3,4,4,0,0,0,0,0,1,0,0,,0,,1,1,0,1,0,0,1,1,0,0,,3,3,3,1,3,4,4,4,999,3,3,5,4,林彥均,002,45436,19,2,1,,舞台左邊,7,
24052404004,1,1987,1,,嘉義大學,農,農藝,公職,約聘管理師,2,,4,,3,,3,,30,台北,松山,3,0,0,1,0,0,0,0,1,0,0,2,0,0,0,0,,0,,0,0,2,0,0,1,0,0,,1,0,1,1,0,0,0,0,0,0,0,0,0,0,0,0,0,,3,3,3,2,0,0,0,0,0,1,0,0,,0,,1,0,0,1,0,0,0,0,0,0,,2,3,3,1,3,3,3,3,2,3,3,4,2,林彥均,004,45436,19,10,1,,舞台左,7,
24052404005,1,1993,1,,中興,商,財金,電子業,客服,3,,5,,2,,2,,45,桃園,楊梅,4,0,0,4,1,2,0,0,1,0,0,0,0,0,0,3,X,0,,0,0,0,1,0,3,2,0,,0,0,4,0,0,0,0,0,0,0,0,0,0,0,0,0,0,,3,4,2,2,1,1,0,0,0,0,0,0,,0,,2,1,0,1,0,0,0,1,0,0,,3,3,4,1,2,3,3,3,4,2,2,4,4,林彥均,005,45436,19,18,1,,舞台左,7,
24052404007,1,2000,2,,999,傳播,大傳,996,996,996,,4,,2,,2,,30,新北,新莊,8,0,0,6,0,0,0,0,3,0,2,1,0,0,0,0,,0,,0,0,0,2,0,1,0,0,,1,0,2,1,1,0,0,0,0,0,0,1,0,0,0,0,0,,1,1,3,3,0,0,0,0,0,0,1,0,,0,,2,1,0,1,0,0,0,0,0,0,,2,4,4,1,2,3,3,3,2,2,2,4,4,林彥均,007,45436,19,26,1,,舞台左/ 6拒訪主動給7,7,
24052404008,1,1989,1,,真理,財金,999,資訊業,999,3,,4,,1,,2,,20,新北,三重,3,0,999,2,0,0,0,0,0,0,1,2,0,0,0,0,,0,,0,2,1,0,0,0,0,0,,0,0,4,0,0,0,0,0,0,0,0,0,0,0,0,0,0,,3,3,4,3,0,0,0,0,0,0,0,0,,0,,1,0,0,1,0,1,0,0,0,0,,2,3,3,1,3,3,3,4,1,5,4,5,5,林彥均,008,45436,19,34,1,,舞台左,7,
24052404009,1,1982,1,,999,999,999,999,999,1,,5,,3,,3,,60,新北,板橋,4,0,0,2.5,0,0,0,3,0,0,2,0,0,0,1,0,,0,,0,0,0,0,0,1,0,0,,1,0,3,0,0,0,0,0,0,0,0,0,0,0,0,0,0,,3,3,3,4,0,0,0,0,0,1,0,0,,999,,999,999,999,999,999,999,999,999,999,999,,999,999,999,999,999,999,999,999,2,3,2,4,4,林彥均,009,45436,19,39,1,,舞台左,7,
24052404010,1,1993,1,,台中科技大學,999,應用X學,999,999,2,,4,,2,,2,,180,南投,竹山,5,0,0,2,0,0,0,0,3,0,0,0,0,0,2,1,X,0,,0,0,0,1,0,0,0,0,,0,0,3,1,0,0,0,0,0,0,0,1,0,0,0,0,0,,1,3,3,2,0,0,0,0,1,0,0,0,,0,,1,1,0,1,0,0,0,0,1,0,,3,3,3,1,3,4,4,4,2,3,5,5,4,林彥均,010,45436,19,50,1,,舞台左,7,
24052404011,1,1997,1,,成大,999,999,考古,999,2,,5,,3,,4,,40,台北,999,5,1,0,5,0,0,0,0,1,0,3,2,0,0,0,0,,0,,0,0,1,0,0,0,0,0,,1,0,1,1,0,0,0,0,0,0,0,0,0,0,0,0,0,,1,2,2,2,0,0,0,0,0,0,0,0,,0,,2,1,0,1,0,0,0,1,0,0,,2,4,4,1,3,3,3,3,3,3,4,4,4,林彥均,011,45436,22,43,1,,教會,7,
24052404013,1,1994,1,,銘傳,廣電,999,電台,工程師,2,,4,,3,,3,,30,台北,士林,7,1,0,11,0,0,0,0,0,0,0,1,0,0,0,2,X,0,,0,0,2,0,0,1,0,0,,1,0,3,0,0,0,0,0,0,0,0,0,0,0,0,0,0,,3,3,1,1,0,0,0,0,0,1,0,1,廣播,1,公司工會,1,0,0,1,0,1,0,0,0,0,,1,4,4,1,2,2,2,3,1,2,2,3,3,林彥均,013,45436,22,54,1,,教會前,7,
24052404016,1,1990,1,,英國東十五,表演,999,表演藝術,導演,1,,5,,4,,4,,30,台北,中正,無預設,0,0,0,0,0,0,2,1,0,3,0,0,0,0,0,,0,,0,0,3,1,0,2,0,0,,0,0,3,1,0,0,0,0,0,0,0,0,0,0,0,0,0,,1,1,4,4,0,0,0,0,0,0,0,0,,0,,2,0,0,1,0,1,0,0,0,0,,2,4,3,1,4,3,3,3,3,4,2,5,5,林彥均,016,45436,23,3,1,,"教會, 抽到的拒訪，給伴侶/朋友",7,
24052404017,1,1999,6,,台大,理,999,996,996,996,,5,,5,,4,,15,台北,大安,1,0,0,1,0,1,3,2,0,0,0,0,0,0,0,0,,0,,0,0,0,0,0,2,1,0,,0,0,4,0,0,0,0,0,0,0,0,0,0,0,0,0,0,,3,3,3,3,0,0,0,0,1,1,0,0,,0,,2,1,0,1,0,0,0,1,0,0,,2,3,3,1,3,2,4,2,2,4,3,5,4,林彥均,017,45436,23,10,1,,教會前,7,
24052404018,1,1983,1,,999,999,999,法律,一般職員,3,,4,,1,,1,,10,台北,中山,1,0,0,1,0,0,0,2,1,0,0,0,0,0,0,0,,0,,0,0,0,0,0,1,0,0,,0,0,4,1,0,0,0,0,0,0,0,1,0,0,0,0,0,,1,1,3,3,0,0,0,0,0,1,0,0,,0,,3,0,0,0,0,1,0,0,0,0,,3,3,3,1,3,3,3,3,2,2,2,2,2,林彥均,018,45436,23,15,1,,"教會前, 因為教會前在趕人(太吵)，往忠孝東路靠近?",7,
24052411001,0,1990,1,,中原,理,心理,醫,臨床心理師,3,,5,,2,,2,,30,新北,新店,12,2,0,27,2,0,0,0,0,0,0,1,0,0,0,0,,0,,0,0,0,0,0,0,1,0,,1,0,2,1,0,0,0,1,0,0,0,1,0,0,0,0,0,,1,1,4,3,0,0,0,0,0,0,0,0,,0,,1,1,1,1,0,1,0,1,1,0,,2,3,3,1,4,4,4,4,2,4,4,4,3,張皓,001,45436,14,11,2,,,7,
24052411002,1,1990,1,,999,999,999,公務員,科員,2,,4,,4,,3,,90,宜蘭,羅東,12,0,0,0,0,2,0,3,0,0,0,1,0,0,0,0,,0,,0,0,0,0,0,1,0,0,,0,1,3,1,0,0,0,0,0,0,0,0,0,0,0,0,0,,1,3,2,1,0,0,0,0,1,0,0,0,,0,,1,1,0,1,0,0,0,0,0,0,,1,4,3,1,3,3,3,2,2,5,5,4,4,張皓,002,45436,14,21,2,,,7,
24052411003,0,1963,3,,大葉,999,機械,科技,總經理,1,,4,,1,,1,,999,台北,信義,8,1,999,8,0,3,4,0,2,0,0,0,0,0,1,0,,0,,0,0,0,1,0,0,0,0,,1,0,3,1,0,1,0,0,0,0,0,0,0,0,0,0,0,,3,3,3,2,0,1,0,0,0,0,1,0,,0,,2,1,1,1,0,0,0,1,0,0,,3,3,3,1,4,4,4,2,2,3,4,4,5,張皓,003,45436,14,37,2,,,7,
24052411004,1,2000,6,,東吳,法,法律,996,996,996,,4,,2,,3,,30,新北,永和,6,1,999,999,0,0,0,3,0,0,2,1,0,0,0,0,,0,,0,0,1,0,0,0,0,0,,0,0,3,0,0,0,0,0,0,0,0,0,0,0,0,0,0,,3,3,1,1,0,0,0,0,0,0,0,0,,0,,1,1,0,1,0,0,0,0,0,0,,3,3,3,1,3,3,3,3,2,4,4,4,2,張皓,004,45436,16,32,4,,,7,
24052411005,1,1976,1,,景文技術學院,999,企管,自營商,999,5,,4,,1,,1,,20,新北,中和,8,0,999,999,0,0,0,0,0,0,0,1,0,0,0,0,,0,,0,0,1,0,0,0,0,0,,1,0,3,1,0,1,0,0,0,0,0,1,0,0,0,0,0,,3,3,3,3,1,0,0,0,0,0,0,0,,0,,2,0,0,1,0,0,0,0,1,0,,2,3,3,1,2,2,3,1,2,4,4,5,5,張皓,005,45436,16,44,4,,,7,
24052411006,1,1997,6,,臺師大,理工,永續,996,996,996,,4,,3,,4,,50,新北,三重,5,1,999,999,0,0,0,3,0,0,2,1,0,0,0,0,,0,,0,0,0,0,0,1,0,0,,1,0,3,0,0,0,0,0,0,0,0,0,0,0,0,0,0,,3,3,2,2,1,0,0,0,0,0,0,0,,0,,3,1,0,1,0,0,0,0,0,0,,3,3,3,1,4,4,4,4,2,2,3,4,4,張皓,006,45436,16,50,4,,,7,
24052411007,0,1997,1,,海大,海運,航管,金融,999,3,,4,,1,,2,,30,台北,北投,4,1,0,4,0,0,0,0,0,0,3,1,2,0,0,0,,0,,0,0,0,0,0,1,0,0,,1,0,3,1,0,0,0,0,0,0,0,0,0,0,0,0,0,,1,3,4,4,1,0,0,0,0,0,0,0,,0,,2,1,0,1,0,0,0,0,0,0,,1,4,3,1,2,2,3,3,2,3,4,3,3,張皓,007,45436,20,24,1,,,7,
24052411008,1,2004,6,,靜宜,語文,日文,996,996,996,,4,,2,,2,,180,台中,沙鹿,7,0,0,0,0,0,0,0,3,0,2,1,0,0,0,0,,0,,0,0,0,0,0,1,0,0,,1,0,3,1,0,0,0,0,0,0,0,0,0,0,0,0,0,,3,3,1,1,0,0,0,1,0,0,0,0,,0,,3,0,0,1,0,0,0,0,0,0,,3,3,3,1,3,3,3,2,3,3,3,4,4,張皓,008,45436,20,37,1,,,7,
24052411009,0,1969,1,,成大,999,機械,EE,999,3,,5,,4,,4,,20,台北,中正,8,1,0,6,0,0,0,0,2,0,0,3,0,0,0,1,X,0,,0,0,0,0,0,1,0,0,,0,0,3,1,0,1,0,0,0,0,0,0,0,0,0,0,0,,3,3,3,2,0,0,0,0,0,1,0,0,,0,,2,0,0,1,0,1,0,0,1,0,,2,3,3,1,3,3,3,4,2,2,3,4,3,張皓,009,45436,20,48,1,,,7,
24052411010,1,1978,1,,台藝大,999,999,教育,助理教授,3,,5,,3,,3,,20,台北,999,5,2,0,999,0,3,0,2,1,0,0,0,0,0,0,0,,0,,0,0,0,0,0,1,0,0,,0,0,2,1,0,1,0,0,0,0,0,1,0,0,0,0,0,,1,1,4,3,0,0,0,0,0,1,0,0,,0,,2,0,0,1,0,0,0,0,0,0,,3,4,4,1,3,3,3,3,2,3,3,4,4,張皓,010,45436,20,55,1,,,7,
24052411011,1,1999,1,,999,999,999,服務業,門市人員,3,,2,,3,,2,,20,台北,999,999,0,0,0,0,0,0,0,2,0,0,1,0,0,0,0,,0,,0,0,0,0,0,1,0,0,,1,0,3,0,0,0,0,0,0,0,0,0,0,0,0,0,0,,3,3,3,3,0,1,0,0,0,0,0,0,,0,,2,1,1,1,0,1,0,0,1,0,,2,4,2,2,2,3,3,3,2,4,4,2,2,張皓,011,45436,21,8,1,,,7,
24052411012,0,1981,1,,台北市立教育大學,文,中語所,教育,教師,2,,5,,1,,1,,80,宜蘭,羅東,3,0,0,0,0,0,0,0,0,0,0,1,0,0,0,2,999,3,網路串連,0,0,0,0,0,0,0,1,主動前來,1,1,3,1,0,1,0,0,0,0,0,1,0,0,0,0,0,,1,3,3,2,1,0,0,0,0,1,0,0,,0,,2,1,0,1,0,1,0,0,0,0,,2,4,3,1,4,4,3,3,2,3,3,4,3,張皓,012,45436,21,18,1,,,7,
24052408013,1,2006,6,,999,999,999,999,999,1,,2,,4,,3,,60,台北,松山,1,1,0,0.5,0,3,0,0,0,0,2,1,0,0,0,0,,0,,0,0,0,0,0,0,1,0,,0,0,1,0,0,0,0,0,0,0,0,0,0,0,0,0,1,18歲公民權,3,3,5,2,1,0,0,0,0,0,0,0,,1,北學陣,3,0,0,1,0,0,0,1,0,0,,2,4,4,3,4,3,3,3,2,2,2,4,4,施馬懿,013,45436,20,32,1,,,7,
24052408014,0,1999,6,,台大,生科,生科,996,996,996,,5,,4,,4,,15,台北,中正,3,1,999,3,0,0,0,3,2,0,0,1,0,0,0,0,,0,,0,0,0,0,0,1,0,0,,1,0,2,0,0,0,0,0,0,0,0,1,0,0,0,0,0,,3,3,4,2,1,0,0,1,0,1,0,0,,0,,3,1,0,1,0,0,0,1,1,0,,2,3,3,3,4,3,3,2,2,4,4,4,3,施馬懿,014,45436,20,42,5,中山南路上,,7,
24052408001,1,2007,6,,台南三中,996,996,996,996,996,,2,,1,,2,,300,台南,中西,20,0,0,0,0,0,0,0,0,0,0,1,0,0,0,0,,0,,0,0,0,0,0,1,0,0,,1,0,4,0,0,0,0,0,0,0,0,0,0,0,0,0,0,,3,3,2,1,1,0,0,1,0,0,1,0,,0,,2,1,0,0,0,0,0,1,0,0,,3,3,3,1,3,3,3,3,2,3,2,4,4,施馬懿,001,45436,11,58,5,青島舞臺最裡最右,,7,
24052408003,1,1960,3,,復興美工,996,996,室內設計,設計,3,,2,,1,,1,,60,新北,汐止,12,1,999,8,0,0,0,1,0,0,0,0,0,0,0,0,,0,,0,0,0,0,0,1,0,0,,0,0,1,1,0,1,0,0,0,0,0,0,0,0,0,0,0,,1,3,999,999,999,999,999,999,999,999,999,999,,0,,2,1,1,1,0,0,0,0,0,0,,2,4,4,1,3,3,3,3,999,5,5,3,4,施馬懿,003,45436,12,26,5,青舞臺前,,7,
24052408004,0,1956,3,,輔仁大學,999,數學,資訊,總經理,3,,4,,6,,4,,30,新北,三重,10,2,0,4,0,1,0,0,1,0,0,0,0,0,0,1,999,0,,0,0,0,0,0,0,1,0,,1,0,3,1,0,1,0,0,0,0,0,0,0,0,0,0,0,,1,1,5,5,1,1,0,0,1,1,0,0,,0,,1,1,0,1,0,0,0,1,0,0,,2,4,4,1,3,3,3,3,2,2,4,4,4,施馬懿,004,45436,12,48,4,,,7,
24052408005,1,1976,1,,基督,999,999,製造,業務助理,3,,4,,3,,2,,90,新竹,東,6,0,0,0,0,3,0,0,2,0,0,1,0,0,0,0,,0,,0,0,0,0,0,1,0,0,,1,0,1,1,0,1,0,1,0,0,0,0,0,0,0,0,0,,1,1,4,4,0,1,0,0,0,0,1,0,,0,,2,1,0,0,0,0,0,0,0,0,,1,3,3,1,4,4,4,4,2,4,4,3,4,施馬懿,005,45436,12,59,4,,,7,
24052408006,1,1952,3,,999,999,999,999,999,6,999,1,,1,,1,,60,桃園,龜山,6,0,999,999,0,0,0,3,1,0,0,0,0,0,2,0,,0,,0,0,0,1,0,0,0,0,,1,0,1,1,0,1,0,0,0,0,0,0,0,1,0,0,0,,3,3,3,2,0,0,0,0,0,0,0,0,,1,政黨,1,1,1,1,0,0,0,0,0,0,,2,4,3,1,4,3,4,2,2,4,4,3,2,施馬懿,006,45436,15,2,4,,,7,
24052408007,0,2001,1,,淡江,外語,英文,999,翻譯,3,,4,,1,,2,,180,台南,安定,10,0,0,3,0,0,0,0,0,0,2,1,0,0,0,0,,0,,0,0,0,0,0,1,0,0,,0,0,1,0,0,0,0,0,0,0,0,1,0,0,0,0,0,,3,3,4,2,1,0,0,0,0,0,0,0,,0,,1,0,0,1,0,0,0,0,1,0,,2,4,3,1,3,3,3,3,1,3,4,5,4,施馬懿,007,45436,15,13,4,,,7,
24052408008,1,2004,6,,政治大學,法,999,996,996,996,,4,,5,,3,,60,台北,文山,4+,0,0,999,0,0,0,2,0,0,3,1,0,0,0,0,,0,,1,0,0,0,0,2,0,0,,1,0,3,0,0,0,0,0,0,0,0,1,0,0,0,1,0,,3,3,4,3,1,0,0,0,0,1,1,0,,0,,1,0,0,1,0,0,0,1,1,0,,2,4,4,1,3,3,3,2,2,2,5,5,5,施馬懿,008,45436,15,20,4,,,7,
24052408009,1,1967,4,,樹德家商,999,貿易,996,996,996,,2,,2,,1,,60,新北,淡水,5,0,999,999,0,2,0,1,0,0,0,0,0,0,0,0,,0,,0,0,0,0,0,0,1,0,,1,0,3,1,0,0,0,0,0,0,0,0,0,0,0,0,0,,1,3,2,1,0,0,0,0,0,0,1,0,,0,,3,1,0,0,0,0,0,0,0,0,,4,3,3,1,3,3,2,2,2,4,4,5,5,施馬懿,009,45436,15,34,4,,,7,
24052408010,1,1968,1,,光隆家商,996,999,房仲,業務,1,,2,,1,,1,,35,基隆,暖暖,到結束,0,0,中午過來,0,2,0,0,3,0,0,0,0,0,1,0,,0,,0,0,0,0,0,0,1,0,,0,0,3,1,0,0,0,0,0,0,0,0,0,0,0,0,0,,1,1,3,4,0,0,0,0,0,0,0,0,,0,,2,1,0,0,0,1,0,0,0,0,,3,3,999,1,1,1,1,2,1,2,2,4,4,施馬懿,010,45436,15,49,4,,,7,
24052408011,1,1995,1,,政治,文,999,999,999,3,,4,,4,,4,,60,新竹,999,4,0,0,0,0,0,0,0,0,0,0,0,0,0,2,1,X,0,,0,0,1,0,0,0,0,0,,0,1,3,0,0,0,0,0,0,0,0,0,0,0,0,0,0,,3,3,3,2,0,1,0,0,0,0,0,0,,0,,1,1,0,1,0,0,0,0,0,0,,2,4,3,1,3,3,4,3,2,4,2,3,4,施馬懿,011,45436,16,3,4,,,7,
24052408012,0,1955,3,,醒吾,999,999,999,999,5,,1,,2,,2,,100,新北,八里,8,0,0,999,0,1,0,0,0,0,0,0,0,0,0,0,,0,,0,0,0,0,0,0,1,0,,1,1,2,1,0,0,0,0,0,1,0,0,0,0,1,0,0,,1,3,5,3,0,0,0,0,0,0,0,0,,0,,1,1,1,1,1,1,0,0,0,0,,3,999,4,1,1,2,1,2,2,4,4,4,4,施馬懿,012,45436,16,21,4,,,7,
24052408015,0,1988,1,,文化,999,商管,服務,999,3,,4,,1,,1,,35,新北,新店,3,0,999,999,0,2,3,1,0,0,0,0,0,0,0,0,,0,,0,0,0,1,0,0,0,0,,0,0,3,1,0,0,0,0,0,0,0,0,0,0,0,0,0,,3,3,4,3,0,0,0,0,1,0,0,0,,0,,1,1,0,1,0,1,0,0,0,0,,3,4,4,1,3,3,4,3,2,4,4,4,3,施馬懿,015,45436,20,52,5,中山南路上,,7,
24052408016,1,1998,5,,政大,文,台文,媒體,工讀,3,,5,,3,,2,,40,台北,文山,5,0,999,999,0,3,0,2,1,0,0,0,0,0,0,0,,0,,0,0,0,0,0,1,0,0,,1,1,3,0,0,1,0,0,0,0,0,1,0,0,0,0,0,,3,3,5,4,0,0,0,0,0,1,0,0,,0,,3,0,0,1,0,0,0,0,0,0,,2,4,4,1,3,3,4,4,2,2,2,4,3,施馬懿,016,45436,21,0,5,中山南路上,,7,
24052408017,0,1983,1,,清大,生命,生科,生技,營運長,3,,6,,3,,1,,90,新北,淡水,1.5,0,0,999,1,0,0,3,0,0,0,0,0,0,0,1,X,2,Youtube,0,0,0,0,0,0,0,1,Puma老師受傷,1,0,2,0,0,0,0,0,0,0,0,0,0,0,0,0,0,,3,3,2,3,1,1,0,0,0,0,1,0,,0,,3,1,0,1,0,0,0,0,1,0,,2,3,3,2,3,2,2,2,3,2,4,3,3,施馬懿,017,45436,21,8,5,中山南路上,,7,
24052408020,0,1995,2,,政大,法,法律,996,996,996,,4,,4,,4,,90,新北,淡水,7,1,0,5,0,0,0,1,3,0,0,0,0,0,0,2,Discord,0,,1,0,0,0,0,1,0,0,,1,1,3,1,0,0,0,0,0,0,0,0,0,0,1,0,0,,1,3,5,3,1,0,0,0,0,1,1,0,,0,,2,1,0,1,0,0,0,1,0,0,,2,4,3,1,4,3,3,2,2,3,4,4,3,施馬懿,020,45436,21,26,5,中山南路上,,7,
24052408021,1,1995,1,,台北大學,文,歷史,出版,編輯,3,,4,,4,,2,,30,新北,三重,5.5,1,0,8,1,3,0,0,0,0,2,1,0,0,0,0,,0,,0,0,0,0,0,1,0,0,,1,0,3,1,0,1,0,0,0,0,0,1,1,1,0,0,0,,1,3,5,5,0,0,0,0,0,0,0,0,,0,,1,0,0,1,0,0,0,0,0,0,,1,4,3,1,4,4,4,4,2,2,2,3,1,施馬懿,021,45436,21,36,5,中山南路上,,7,
24052408023,0,1986,7,自由,999,999,999,自由,999,6,自,5,,2,,2,,40,桃園,桃園,4,1,0,4,0,2,0,1,3,0,0,0,0,0,0,0,,0,,0,0,0,0,0,1,0,0,,1,0,1,0,0,0,0,0,0,0,0,0,0,0,0,0,0,,3,3,3,3,0,1,0,0,0,0,0,0,,0,,2,0,0,1,0,0,0,0,0,0,,3,4,4,1,3,3,4,3,3,4,2,5,4,施馬懿,023,45436,21,47,5,中山南路上,,7,
24052403001,1,1995,1,,政大,國際事務,999,科技業,業務,3,,4,,4,,3,,30,台北,松山,10,2,0,10,0,0,0,0,0,0,0,1,0,0,0,0,,2,親友,0,0,0,0,0,0,1,0,,1,0,3,1,0,0,0,0,0,0,0,1,0,0,0,0,0,,1,3,4,3,1,0,0,0,0,0,1,0,,0,,2,0,0,1,0,1,0,0,0,0,,1,4,4,1,4,4,4,3,2,3,2,4,4,周佳真,001,45436,13,11,4,,,7,
24052403002,1,1969,1,,南大,教育,教育,教育,教師,2,,5,,1,,1,,300,台南,北,12,0,0,4,0,2,0,1,0,0,0,0,0,0,3,0,,0,,0,0,0,0,0,0,1,0,,1,1,3,0,0,0,0,0,0,0,0,0,0,0,0,0,0,,3,3,4,2,0,1,0,0,0,0,0,0,,0,,2,1,1,1,0,1,0,0,0,0,,2,3,3,1,4,4,4,3,2,1,2,5,5,周佳真,002,45436,13,21,4,,,7,
24052403003,0,2003,6,,999,999,999,996,996,996,,2,,4,,2,,50,台北,內湖,6~7,2,0,999,0,0,0,2,0,0,3,1,0,0,0,0,,0,,0,0,0,0,0,0,1,0,,1,0,1,0,0,0,0,0,0,0,0,0,0,0,0,0,0,,3,3,3,1,0,0,0,0,0,1,0,0,,0,,1,1,0,1,0,0,0,1,0,0,,2,4,4,1,3,2,3,2,2,2,4,4,3,周佳真,003,45436,13,34,4,,,7,
24052403004,2,1989,7,企業負責人,台灣藝術大學,美術,999,出版,編輯暨負責人,1,,5,,7,999,7,999,360,高雄,岡山,16,1,0,4,0,0,0,3,2,0,0,0,0,0,1,0,,0,,1,0,1,0,0,1,0,0,,1,0,3,1,0,0,0,0,0,0,0,1,0,0,0,0,0,,1,1,4,3,1,0,0,0,0,0,1,0,,0,,3,1,0,1,0,0,0,0,0,0,,4,3,2,1,4,4,4,4,2,2,2,4,4,周佳真,004,45436,13,48,4,,,7,
24052403005,1,1994,1,,台灣劇曲學院,996,劇場戲劇,自由業,999,1,,4,,1,,1,,60,桃園,中壢,4,0,0,999,0,3,0,0,1,0,0,2,0,0,0,0,,0,,0,0,0,0,0,1,0,0,,1,0,3,0,0,0,0,0,0,0,0,0,0,0,0,0,0,,3,3,4,3,0,0,0,0,0,1,0,0,,0,,3,0,0,1,0,0,0,0,0,0,,3,3,3,1,3,3,3,2,2,2,3,4,3,周佳真,005,45436,14,0,4,,,7,
24052403006,0,1998,6,,台灣,理,化學,996,996,996,,5,,5,,4,,30,台北,大安,8,0,0,999,0,0,0,0,3,2,0,1,0,0,0,0,,0,,0,0,0,0,0,1,0,0,,0,1,3,1,1,0,0,0,0,0,0,0,0,0,0,0,0,,3,3,2,2,0,0,0,0,0,1,1,0,,0,,1,1,0,0,0,0,0,0,0,0,,2,3,3,1,3,3,3,2,2,3,4,4,4,周佳真,006,45436,16,32,5,濟南教會,,7,
24052403007,1,1989,1,,文化大學,文,中文系文藝創作,媒體,導演,4,,4,,3,,3,,60,台北,內湖,14,1,0,14,0,0,0,0,3,0,0,2,0,0,0,1,X,0,,0,0,0,0,0,1,0,0,,1,0,2,1,0,1,0,0,0,0,0,1,0,0,0,0,1,野草莓,1,1,2,2,0,0,0,0,1,0,0,0,,0,,1,0,0,1,0,0,0,0,0,0,,1,4,4,1,2,2,4,3,2,4,4,5,4,周佳真,007,45436,16,48,5,濟南教會,,7,